Track ID,Track Name,Album Name,Artist Name(s),Release Date,Duration (ms),Popularity,Added By,Added At,Genres,Record Label,"				Danceability",Energy,Key,Loudness,Mode,Speechiness,Acousticness,Instrumentalness,Liveness,Valence,Tempo,Time Signature
5HQVUIKwCEXpe7JIHyY734,"Young, Wild & Free (feat. Bruno Mars)","Young, Wild & Free (feat. Bruno Mars)","Snoop Dogg,Wiz Khalifa,Bruno Mars",10/11/2011,207333,75,31mwos5o4bx7e5xucbpsl2xgmjaa,2024-07-25T05:56:16Z,"g funk,gangster rap,hip hop,pop rap,rap,west coast rap,pittsburgh rap,southern hip hop,trap,dance pop,pop",Rostrum/Atlantic,0.715,0.655,0,-6.425,1,0.137,0.0525,0,0.115,0.531,95.078,4
29U7stRjqHU6rMiS8BfaI9,What A Wonderful World,What A Wonderful World,Louis Armstrong,1/1/1968,139226,77,31mwos5o4bx7e5xucbpsl2xgmjaa,2024-07-25T05:56:16Z,"adult standards,dixieland,harlem renaissance,jazz trumpet,lounge,new orleans jazz,soul,swing,vocal jazz",GRP,0.271,0.165,5,-20.652,1,0.0351,0.726,0.00000154,0.118,0.202,77.082,4
0USK9GYk8n1FQg5rUTWadD,Winter (L'Inverno) Op.8 No.4 F Minor: Allegro Non Molto,Vivaldi - The Four Seasons,"Baroque Festival Orchestra,Alberto Lizzio",7/1/1994,215066,59,31mwos5o4bx7e5xucbpsl2xgmjaa,2024-07-25T05:56:16Z,fictitious orchestra,The Music Factory,0.482,0.044,5,-25.506,0,0.0611,0.91,0.23,0.0709,0.269,143.276,4
4h9wh7iOZ0GGn8QVp4RAOB,I Ain't Worried,I Ain’t Worried (Music From The Motion Picture Top Gun: Maverick),OneRepublic,5/13/2022,148485,81,31mwos5o4bx7e5xucbpsl2xgmjaa,2024-07-25T05:56:16Z,"piano rock,pop",Interscope Records,0.704,0.797,0,-5.927,1,0.0475,0.0826,0.000745,0.0546,0.825,139.994,4
42qNWdLKCI41S4uzfamhFM,Duvet,Twilight,bôa,4/20/2010,203600,83,31mwos5o4bx7e5xucbpsl2xgmjaa,2024-07-25T05:56:16Z,pov: indie,Nettwerk Music Group,0.583,0.888,11,-9.414,0,0.0349,0.191,0.0000458,0.0936,0.706,93.206,4
3Ofmpyhv5UAQ70mENzB277,Astronaut In The Ocean,Astronaut In The Ocean,Masked Wolf,1/6/2021,132780,70,31mwos5o4bx7e5xucbpsl2xgmjaa,2024-07-25T05:56:16Z,australian hip hop,Elektra (NEK),0.778,0.695,4,-6.865,0,0.0913,0.175,0,0.15,0.472,149.996,4
3oLe5ZILASG8vU5dxIMfLY,The Search,The Search,NF,7/26/2019,248053,72,31mwos5o4bx7e5xucbpsl2xgmjaa,2024-07-25T05:56:16Z,"hip hop,pop rap",NF Real Music,0.789,0.789,2,-4.813,1,0.298,0.598,0,0.099,0.37,119.95,4
07HkevwkwmCXWjQhgBei1V,The Rocky Road to Dublin,The High Kings,The High Kings,6/11/2010,196720,49,31mwos5o4bx7e5xucbpsl2xgmjaa,2024-07-25T05:56:16Z,"celtic,celtic rock,irish folk,irish pub song",Celtic Collections,0.822,0.71,2,-7.708,1,0.17,0.49,0,0.0718,0.697,134.851,3
4cktbXiXOapiLBMprHFErI,Memories,JORDI (Deluxe),Maroon 5,6/11/2021,189486,82,31mwos5o4bx7e5xucbpsl2xgmjaa,2024-07-25T05:56:16Z,pop,Interscope Records*,0.775,0.327,11,-7.241,1,0.0557,0.841,0,0.0821,0.595,91.05,4
5QDLhrAOJJdNAmCTJ8xMyW,Dynamite,BE,BTS,11/20/2020,199053,78,31mwos5o4bx7e5xucbpsl2xgmjaa,2024-07-25T05:56:16Z,"k-pop,k-pop boy group,pop",BIGHIT MUSIC,0.746,0.765,6,-4.41,0,0.0993,0.0112,0,0.0936,0.737,114.044,4
5kRBzRZmZTXVg8okC7SJFZ,Another Day Of Sun,La La Land (Original Motion Picture Soundtrack),La La Land Cast,12/9/2016,228173,63,31mwos5o4bx7e5xucbpsl2xgmjaa,2024-07-25T05:56:16Z,,UMGRI Interscope,0.588,0.742,8,-6.757,1,0.0528,0.0162,0.00000398,0.653,0.824,125.819,4
4PTG3Z6ehGkBFwjybzWkR8,Never Gonna Give You Up,Whenever You Need Somebody,Rick Astley,11/12/1987,213573,78,31mwos5o4bx7e5xucbpsl2xgmjaa,2024-07-25T05:56:16Z,"new romantic,new wave pop,soft rock,sophisti-pop,synthpop",BMG Rights Management (UK) Ltd.,0.721,0.939,8,-11.823,1,0.0376,0.115,0.0000379,0.108,0.914,113.309,4
0kdqcbwei4MDWFEX5f33yG,Bling-Bang-Bang-Born,Bling-Bang-Bang-Born,Creepy Nuts,1/7/2024,168135,79,31mwos5o4bx7e5xucbpsl2xgmjaa,2024-07-25T05:56:16Z,j-pop,Sony Music Labels Inc.,0.853,0.822,6,-6.836,0,0.246,0.0841,0.00985,0.166,0.746,157.013,4
6fNhZRFEkBfgW39W3wKARJ,Pompeii,Bad Blood,Bastille,1/1/2013,214147,75,31mwos5o4bx7e5xucbpsl2xgmjaa,2024-07-25T05:56:16Z,"metropopolis,modern rock,pop",Virgin Records,0.679,0.715,9,-6.383,1,0.0407,0.0755,0,0.271,0.571,127.435,4
7x5xYW5W42OGPAdHUyyguy,Locked Away (feat. Adam Levine),What Dreams Are Made Of,"R. City,Adam Levine",10/9/2015,227480,76,31mwos5o4bx7e5xucbpsl2xgmjaa,2024-07-25T05:56:16Z,"reggae fusion,virgin islands reggae,deep talent show",Kemosabe Records/RCA Records,0.509,0.671,1,-5.709,1,0.0678,0.304,0,0.0452,0.55,118.413,5
68EkhVWIeULhHxcbi1QhzK,World's Smallest Violin,OK ORCHESTRA,AJR,3/26/2021,180746,66,31mwos5o4bx7e5xucbpsl2xgmjaa,2024-07-25T05:56:16Z,pov: indie,Black Butter,0.68,0.697,5,-7.01,1,0.0484,0.121,0,0.661,0.684,116.033,4
1YYhDizHx7PnDhAhko6cDS,"Take Me Home, Country Roads - Original Version","Poems, Prayers and Promises",John Denver,1971,190160,75,31mwos5o4bx7e5xucbpsl2xgmjaa,2024-07-25T05:56:16Z,"classic country pop,folk,folk rock,mellow gold,singer-songwriter,soft rock",RCA/Legacy,0.462,0.395,9,-9.376,1,0.0264,0.758,0,0.121,0.625,82.259,4
67hbP9PFQZrb4XZc3TzB0s,Rasputin - Single Version,Fantastic Boney M.,Boney M.,12/3/1984,220733,60,31mwos5o4bx7e5xucbpsl2xgmjaa,2024-07-25T05:56:16Z,europop,Hansa Local,0.694,0.719,6,-12.734,0,0.048,0.47,0.00121,0.44,0.972,126.212,4
4pbJqGIASGPr0ZpGpnWkDn,We Will Rock You - Remastered 2011,News Of The World (2011 Remaster),Queen,10/28/1977,122066,78,31mwos5o4bx7e5xucbpsl2xgmjaa,2024-07-25T05:56:16Z,"classic rock,glam rock,rock",EMI,0.692,0.497,2,-7.316,1,0.119,0.676,0,0.259,0.475,81.308,4
6Z8R6UsFuGXGtiIxiD8ISb,Safe And Sound,In A Tidal Wave Of Mystery - Deluxe Edition,Capital Cities,2013,192789,68,31mwos5o4bx7e5xucbpsl2xgmjaa,2024-07-25T05:56:16Z,"metropopolis,modern rock",Capital Cities,0.655,0.819,0,-4.852,1,0.0316,0.000176,0.00374,0.104,0.766,117.956,5
2ajUl8lBLAXOXNpG4NEPMz,Sway,Michael Bublé,Michael Bublé,2003,188066,72,31mwos5o4bx7e5xucbpsl2xgmjaa,2024-07-25T05:56:16Z,"adult standards,canadian pop,jazz pop,lounge",143/Reprise,0.713,0.639,2,-5.529,0,0.0313,0.753,0,0.0878,0.737,125.959,4
5CQ30WqJwcep0pYcV4AMNc,Stairway to Heaven - Remaster,Led Zeppelin IV (Deluxe Edition),Led Zeppelin,11/8/1971,482830,77,31mwos5o4bx7e5xucbpsl2xgmjaa,2024-07-25T05:56:16Z,"album rock,classic rock,hard rock,rock",Atlantic Records,0.338,0.34,9,-12.049,0,0.0339,0.58,0.0032,0.116,0.197,82.433,4
1g1ThTySwRh3ZnAzKqelYu,Der Appenzeller Jodler,"Wenn ich verliebt bin, muß ich jodeln - 50 große Erfolge",Franzl Lang,6/23/2016,149866,31,31mwos5o4bx7e5xucbpsl2xgmjaa,2024-07-25T05:56:16Z,alpine yodeling,Musictales,0.418,0.473,9,-10.47,1,0.064,0.83,0,0.548,0.97,74.778,4
6v3KW9xbzN5yKLt9YKDYA2,Señorita,Shawn Mendes (Deluxe),"Shawn Mendes,Camila Cabello",6/19/2019,190799,79,31mwos5o4bx7e5xucbpsl2xgmjaa,2024-07-25T05:56:16Z,"canadian pop,pop,viral pop,dance pop",Island Records,0.759,0.548,9,-6.049,0,0.0289,0.0379,0,0.0828,0.75,116.963,4
6VObnIkLVruX4UVyxWhlqm,Skyfall,Skyfall,Adele,10/4/2012,286480,85,31mwos5o4bx7e5xucbpsl2xgmjaa,2024-07-25T05:56:16Z,"british soul,pop,pop soul,uk pop",XL Recordings/Columbia,0.346,0.552,0,-6.864,0,0.0282,0.417,0,0.114,0.0789,75.881,4
5TRPicyLGbAF2LGBFbHGvO,Flashing Lights,Graduation,"Kanye West,Dwele",9/11/2007,237506,83,31mwos5o4bx7e5xucbpsl2xgmjaa,2024-07-25T05:56:16Z,"chicago rap,hip hop,rap,neo soul",Roc-A-Fella,0.639,0.628,6,-7.578,0,0.0398,0.0381,0,0.386,0.43,90.482,4
6PZobAHn3uKmVulYaBFusp,Chipi Chipi Chapa Chapa,Chipi Chipi Chapa Chapa,"Kairas,lorche,Spyzah",12/19/2023,226304,0,31mwos5o4bx7e5xucbpsl2xgmjaa,2024-07-25T05:56:16Z,speed up turkce,sante,0.694,0.901,9,-6.945,0,0.066,0.158,0,0.19,0.981,147.829,4
4xqrdfXkTW4T0RauPLv3WA,Heather,Kid Krow,Conan Gray,3/20/2020,198040,83,31mwos5o4bx7e5xucbpsl2xgmjaa,2024-07-25T05:56:16Z,"bedroom pop,pop,pov: indie",Republic Records,0.357,0.425,5,-7.301,1,0.0333,0.584,0,0.322,0.27,102.078,3
5qqabIl2vWzo9ApSC317sa,Wonderwall - Remastered,(What's The Story) Morning Glory? [Remastered],Oasis,10/2/1995,258773,78,31mwos5o4bx7e5xucbpsl2xgmjaa,2024-07-25T05:56:16Z,"beatlesque,britpop,madchester,permanent wave,rock",Big Brother,0.376,0.896,2,-4.065,1,0.0395,0.000452,0,0.194,0.472,174.379,4
7cA68Ln7JqFU47Rg05gprj,Still Life,Be the One You Love,Sitcom,2/24/2018,202965,18,31mwos5o4bx7e5xucbpsl2xgmjaa,2024-07-25T05:56:16Z,small room,Sitcom,0.709,0.453,9,-11.044,0,0.0437,0.455,0.00281,0.0676,0.602,141.944,4
2dHHgzDwk4BJdRwy9uXhTO,Creepin' (with The Weeknd & 21 Savage),HEROES & VILLAINS,"Metro Boomin,The Weeknd,21 Savage",12/2/2022,221520,82,31mwos5o4bx7e5xucbpsl2xgmjaa,2024-07-25T05:56:16Z,"rap,canadian contemporary r&b,canadian pop,pop,atl hip hop,hip hop",Republic Records,0.716,0.613,1,-6.018,0,0.0522,0.391,0,0.0813,0.157,97.914,4
6Qyc6fS4DsZjB2mRW9DsQs,Iris,Dizzy up the Girl,The Goo Goo Dolls,1998,289533,88,31mwos5o4bx7e5xucbpsl2xgmjaa,2024-07-25T05:56:16Z,"neo mellow,permanent wave,pop rock,post-grunge",Warner Records,0.315,0.715,11,-8.072,0,0.0362,0.00125,0.00000797,0.0942,0.497,155.925,3
4Dvkj6JhhA12EX05fT7y2e,As It Was,Harry's House,Harry Styles,5/20/2022,167303,88,31mwos5o4bx7e5xucbpsl2xgmjaa,2024-07-25T05:56:16Z,pop,Columbia,0.52,0.731,6,-5.338,0,0.0557,0.342,0.00101,0.311,0.662,173.93,4
74tLlkN3rgVzRqQJgPfink,Money Trees,"good kid, m.A.A.d city","Kendrick Lamar,Jay Rock",2012,386906,79,31mwos5o4bx7e5xucbpsl2xgmjaa,2024-07-25T05:56:16Z,"conscious hip hop,hip hop,rap,west coast rap,southern hip hop,trap",Aftermath,0.716,0.531,7,-7.355,1,0.157,0.0709,0,0.22,0.335,71.972,4
3wM6RTAnF7IQpMFd7b9ZcL,Yesterday Once More,Now & Then (Reissue),Carpenters,5/1/1973,233533,66,31mwos5o4bx7e5xucbpsl2xgmjaa,2024-08-14T03:24:02Z,"adult standards,mellow gold,soft rock",A&M,0.254,0.38,4,-13.806,1,0.0337,0.672,0,0.379,0.408,168.496,4
2IVsRhKrx8hlQBOWy4qebo,Mr. Loverman,Montgomery Ricky,Ricky Montgomery,4/8/2016,216880,81,31mwos5o4bx7e5xucbpsl2xgmjaa,2024-07-25T05:56:16Z,"la indie,pop,pov: indie",Warner Records,0.639,0.526,0,-6.697,1,0.0256,0.245,0.0000243,0.25,0.488,130.033,3
0HQf0bd3oSZei450iKuUFR,Prisencolinensinainciusol,Celentano Hit Parade / Le Volte Che Adriano E' Stato Primo,Adriano Celentano,1/1/1983,229200,47,31mwos5o4bx7e5xucbpsl2xgmjaa,2024-07-25T05:56:16Z,"classic italian pop,italian adult pop",Universal Music Italia srL.,0.858,0.457,8,-17.484,1,0.0925,0.379,0.0000077,0.151,0.457,107.243,4
62vpWI1CHwFy7tMIcSStl8,No Role Modelz,2014 Forest Hills Drive,J. Cole,12/9/2014,292986,4,31mwos5o4bx7e5xucbpsl2xgmjaa,2024-07-25T05:56:16Z,"conscious hip hop,hip hop,north carolina hip hop,rap",Roc Nation/Columbia,0.692,0.521,10,-8.465,0,0.33,0.301,0,0.0565,0.463,100.45,4
7BqqprWNybKqF5UzhWRbvl,Ved Stanford Brua,Ved Stanford Brua,Harald Foss,4/7/2023,306468,26,31mwos5o4bx7e5xucbpsl2xgmjaa,2024-07-25T05:56:16Z,,Harald Foss,0.405,0.308,6,-15.035,1,0.0333,0.897,0.00134,0.258,0.332,91.874,4
3ZZq9396zv8pcn5GYVhxUi,Down Under,Business As Usual,Men At Work,11/9/1981,222320,79,31mwos5o4bx7e5xucbpsl2xgmjaa,2024-07-25T05:56:16Z,"album rock,australian rock,classic rock,hard rock,mellow gold,new romantic,new wave,new wave pop,rock,soft rock",Columbia,0.739,0.459,11,-14.42,0,0.0294,0.129,0.0194,0.0474,0.892,107.115,4
7H7NyZ3G075GqPx2evsfeb,Chamber Of Reflection,Salad Days,Mac DeMarco,4/1/2014,231723,80,31mwos5o4bx7e5xucbpsl2xgmjaa,2024-07-25T05:56:16Z,"edmonton indie,lo-fi indie,pov: indie,slacker rock",Captured Tracks,0.538,0.557,11,-8.678,1,0.0914,0.262,0.914,0.102,0.506,131.03,4
5XeFesFbtLpXzIVDNQP22n,I Wanna Be Yours,AM,Arctic Monkeys,9/9/2013,183956,91,31mwos5o4bx7e5xucbpsl2xgmjaa,2024-07-25T05:56:16Z,"garage rock,modern rock,permanent wave,rock,sheffield indie",Domino Recording Co,0.464,0.417,0,-9.345,0,0.0256,0.136,0.022,0.0974,0.479,67.528,4
0xmjwnQ3FNE6HuWCt2nHdZ,Where Is The Love?,Elephunk,Black Eyed Peas,6/24/2003,272533,80,31mwos5o4bx7e5xucbpsl2xgmjaa,2024-07-25T06:04:26Z,"dance pop,pop,pop rap",A&M,0.834,0.699,5,-3.222,1,0.178,0.111,0,0.131,0.809,94.086,4
4RvWPyQ5RL0ao9LPZeSouE,Everybody Wants To Rule The World,Songs From The Big Chair (Super Deluxe Edition),Tears For Fears,2/25/1985,251488,85,31mwos5o4bx7e5xucbpsl2xgmjaa,2024-07-25T05:56:16Z,"new romantic,new wave,new wave pop,permanent wave,rock,sophisti-pop,synthpop",UMC (Universal Music Catalogue),0.645,0.795,7,-12.095,1,0.0527,0.347,0.00389,0.104,0.535,112.067,4
5Hijdt7rmbj9fUJdXEs6Nz,(It Goes Like) Nanana,(It Goes Like) Nanana,Peggy Gou,9/29/2023,367613,59,31mwos5o4bx7e5xucbpsl2xgmjaa,2024-07-25T05:56:16Z,"electra,float house",XL Recordings,0.676,0.884,7,-6.16,0,0.0387,0.0546,0.599,0.0318,0.963,130,4
2Ih217RCGAmyQR68Nn7Cqo,You Know How We Do It,Lethal Injection,Ice Cube,12/7/1993,232773,75,31mwos5o4bx7e5xucbpsl2xgmjaa,2024-07-25T05:56:16Z,"conscious hip hop,g funk,gangster rap,hip hop,rap,west coast rap",Priority Records,0.747,0.52,10,-10.523,0,0.0357,0.0977,0.0537,0.142,0.601,92.869,4
7EZC6E7UjZe63f1jRmkWxt,Zombie,No Need To Argue (The Complete Sessions 1994-1995),The Cranberries,10/3/1994,306440,82,31mwos5o4bx7e5xucbpsl2xgmjaa,2024-07-27T08:28:21Z,"irish rock,pop rock,rock",Island Records,0.309,0.649,7,-8.994,1,0.035,0.0158,0.00591,0.367,0.312,166.915,4
6oM4ryXpuZmbFfBv2sEe7v,Sealed With A Kiss,Chronology,Brian Hyland,1/1/1993,162160,57,31mwos5o4bx7e5xucbpsl2xgmjaa,2024-08-14T03:24:21Z,"bubblegum pop,doo-wop,merseybeat,rock-and-roll",Geffen,0.449,0.362,5,-10.38,0,0.0279,0.743,0,0.132,0.6,90.822,4
6mhw2fEPH4fMF0wolNm96e,Macarena,Hits Of The 90s,Los Del Rio,5/20/2002,222626,62,31mwos5o4bx7e5xucbpsl2xgmjaa,2024-07-25T05:56:16Z,tropical,RCA Camden,0.739,0.888,8,-7.16,0,0.0576,0.199,0,0.0704,0.955,103.186,4
3UmaczJpikHgJFyBTAJVoz,Stan,The Marshall Mathers LP,"Eminem,Dido",5/23/2000,404106,79,31mwos5o4bx7e5xucbpsl2xgmjaa,2024-07-25T05:56:16Z,"detroit hip hop,hip hop,rap,dance pop,europop,lilith,neo mellow,pop rock",Interscope,0.78,0.768,6,-4.325,0,0.238,0.0371,0.00000234,0.518,0.507,80.063,4
0wXuerDYiBnERgIpbb3JBR,Redbone,"Awaken, My Love!",Childish Gambino,12/2/2016,326933,6,31mwos5o4bx7e5xucbpsl2xgmjaa,2024-07-25T05:56:16Z,"atl hip hop,hip hop,rap",Glassnote Entertainment Group LLC,0.743,0.344,1,-11.174,1,0.118,0.169,0.00879,0.103,0.577,160.15,4
1jDMi92a9zNQuPD3uPMkla,Fallen Down,UNDERTALE Soundtrack,Toby Fox,9/15/2015,57818,67,31mwos5o4bx7e5xucbpsl2xgmjaa,2024-07-25T05:56:16Z,"indie game soundtrack,otacore,pixel",Materia Collective,0.624,0.66,2,-12.779,1,0.0569,0.797,0.786,0.114,0.871,110.021,3
70LcF31zb1H0PyJoS1Sx1r,Creep,Pablo Honey,Radiohead,2/22/1993,238640,86,31mwos5o4bx7e5xucbpsl2xgmjaa,2024-07-25T05:56:16Z,"alternative rock,art rock,melancholia,oxford indie,permanent wave,rock",XL Recordings,0.515,0.43,7,-9.935,1,0.0372,0.0097,0.000133,0.129,0.104,91.844,4
1BxfuPKGuaTgP7aM0Bbdwr,Cruel Summer,Lover,Taylor Swift,8/23/2019,178426,90,31mwos5o4bx7e5xucbpsl2xgmjaa,2024-07-25T05:56:16Z,pop,Taylor Swift,0.552,0.702,9,-5.707,1,0.157,0.117,0.0000206,0.105,0.564,169.994,4
2OrucC3HEPmZpkaQ05Nx0V,novocaine,"unfortunately yours,","GenriX,CORBAL,Shiloh Dynasty",1/13/2023,195605,70,31mwos5o4bx7e5xucbpsl2xgmjaa,2024-07-25T07:48:41Z,"sad lo-fi,lo-fi chill",GenriX / CORBAL,0.608,0.311,4,-11.255,0,0.154,0.592,0,0.174,0.426,180.362,4
7nc7mlSdWYeFom84zZ8Wr8,Tell Em,Tell Em,"Cochise,$NOT",5/28/2021,180379,72,31mwos5o4bx7e5xucbpsl2xgmjaa,2024-07-25T05:56:16Z,"plugg,pluggnb,rage rap,cloud rap,florida rap,underground hip hop",Columbia,0.672,0.717,5,-7.476,1,0.226,0.103,0,0.398,0.473,157.905,4
3hRV0jL3vUpRrcy398teAU,The Night We Met,Strange Trails,Lord Huron,4/6/2015,208211,88,31mwos5o4bx7e5xucbpsl2xgmjaa,2024-07-25T05:56:16Z,"indie folk,stomp and holler",Play It Again Sam,0.448,0.369,9,-9.514,1,0.0452,0.968,0.272,0.638,0.0998,174.097,3
4nKRZAONxGgcKCMin730Ai,33 Max Verstappen,33 Max Verstappen,"Carte Blanq,Maxx Power",9/22/2023,170390,63,31mwos5o4bx7e5xucbpsl2xgmjaa,2024-07-25T05:56:16Z,,Spinnin' Records,0.711,0.895,9,-4.942,0,0.107,0.00305,0.0509,0.0832,0.444,128.045,4
0V5cvmTKsYmF5FmGGEAfmS,Je te laisserai des mots,Je te laisserai des mots,Patrick Watson,9/10/2010,160853,28,31mwos5o4bx7e5xucbpsl2xgmjaa,2024-07-25T05:56:16Z,"indie folk,indie quebecois",Secret City Records,0.303,0.187,2,-16.757,1,0.0356,0.989,0.499,0.102,0.212,132.679,4
3x4378ztiLvFmm2nuzEI0C,The Cruel Angel's Thesis (Director's Edit Version),NEON GENESIS EVANGELION (Original Series Soundtrack),Yoko Takahashi,6/21/2019,245093,60,31mwos5o4bx7e5xucbpsl2xgmjaa,2024-07-25T05:56:16Z,anime,Masterworks,0.646,0.677,0,-9.477,0,0.0432,0.0337,0.000002,0.13,0.588,128.125,4
1Hv1VTm8zeOeybub15mA2R,Smooth Operator - Single Version,The Best of Sade,Sade,10/31/1994,258693,79,31mwos5o4bx7e5xucbpsl2xgmjaa,2024-07-25T05:56:16Z,"british soul,sophisti-pop",Epic,0.734,0.58,9,-6.619,0,0.0321,0.238,0.0006,0.0298,0.962,119.336,4
2QVmiA93GVhWNTWQctyY1K,Outro,"Hurry Up, We're Dreaming",M83,2011,247026,60,31mwos5o4bx7e5xucbpsl2xgmjaa,2024-07-25T05:56:16Z,"french shoegaze,french synthpop,indietronica,metropopolis,neo-synthpop",Mute,0.226,0.261,2,-11.276,1,0.0339,0.0301,0.0677,0.0628,0.084,108.915,4
2PpruBYCo4H7WOBJ7Q2EwM,Hey Ya!,Speakerboxxx/The Love Below,Outkast,2003,235213,82,31mwos5o4bx7e5xucbpsl2xgmjaa,2024-07-25T05:56:16Z,"atl hip hop,dirty south rap,hip hop,old school atlanta hip hop,rap,southern hip hop",Arista,0.727,0.974,4,-2.261,0,0.0664,0.103,0.000532,0.174,0.965,79.526,4
3lWzVNe1yFZlkeBBzUuZYu,Bella Ciao - Música Original de la Serie la Casa de Papel/ Money Heist,Bella Ciao (Música Original de la Serie la Casa de Papel/ Money Heist),Manu Pilas,4/20/2018,139844,66,31mwos5o4bx7e5xucbpsl2xgmjaa,2024-07-25T05:56:16Z,,Atresmúsica,0.46,0.564,9,-10.329,0,0.0343,0.538,0,0.191,0.962,135.178,5
77KnJc8o5G1eKVwX5ywMeZ,Mind Over Matter (Reprise),Mirrorball / Mind Over Matter (Reprise),Young the Giant,4/18/2015,230866,74,31mwos5o4bx7e5xucbpsl2xgmjaa,2024-07-25T05:56:16Z,"indietronica,modern alternative rock,modern rock,pov: indie,stomp and holler",Fueled By Ramen,0.393,0.487,0,-6.348,1,0.0337,0.229,0,0.128,0.3,151.958,4
4Ve0Jx7MXjU4aPrFHJRZK7,Find an Island,STELLA & STEVE,BENEE,11/15/2019,192613,53,31mwos5o4bx7e5xucbpsl2xgmjaa,2024-07-25T05:56:16Z,"alt z,nz pop",Republic Records,0.836,0.681,2,-3.793,0,0.0434,0.285,0,0.0729,0.854,81.554,4
7GHf8dQ2wA71wYOuRsQCZP,Rhythm of the Rain,Rhythm Of The Rain,The Cascades,1963,146360,59,31mwos5o4bx7e5xucbpsl2xgmjaa,2024-08-14T03:25:00Z,brill building pop,Rhino/Warner Records,0.659,0.66,0,-8.337,1,0.0441,0.627,0.000217,0.136,0.672,116.634,4
2LxAeJ9KUj1GRS9oeHgQ3i,Mundian To Bach Ke,The Album,Panjabi MC,5/5/2003,245560,61,31mwos5o4bx7e5xucbpsl2xgmjaa,2024-07-25T05:56:16Z,"bhangra,classic bhangra,desi hip hop",Altra Moda Music,0.777,0.852,11,-6.625,1,0.0362,0.303,0.657,0.136,0.907,98.073,4
7KXjTSCq5nL1LoYtL7XAwS,HUMBLE.,DAMN.,Kendrick Lamar,4/14/2017,177000,84,31mwos5o4bx7e5xucbpsl2xgmjaa,2024-07-25T05:56:16Z,"conscious hip hop,hip hop,rap,west coast rap",Aftermath,0.908,0.621,1,-6.638,0,0.102,0.000282,0.0000539,0.0958,0.421,150.011,4
4Aep3WGBQlpbKXkW7kfqcU,See You Again (feat. Charlie Puth),Furious 7: Original Motion Picture Soundtrack,"Wiz Khalifa,Charlie Puth",3/17/2015,229525,58,31mwos5o4bx7e5xucbpsl2xgmjaa,2024-07-25T05:56:16Z,"hip hop,pittsburgh rap,pop rap,rap,southern hip hop,trap,pop,viral pop",Atlantic Records,0.69,0.48,10,-7.503,1,0.0816,0.369,0,0.0649,0.286,80.025,4
4eMxLQtSdgxdA1Hs6D2YuN,In Hell I'll Be in Good Company,Good Company,The Dead South,4/26/2014,245320,65,31mwos5o4bx7e5xucbpsl2xgmjaa,2024-07-25T05:56:16Z,saskatchewan indie,Six Shooter Records Inc.,0.772,0.235,7,-9.075,0,0.0479,0.753,0.00125,0.111,0.703,154.802,4
7BKLCZ1jbUBVqRi2FVlTVw,Closer,Closer,"The Chainsmokers,Halsey",7/29/2016,244960,83,31mwos5o4bx7e5xucbpsl2xgmjaa,2024-07-25T05:56:16Z,"pop,electropop,etherpop,indie poptimism",Disruptor Records/Columbia,0.748,0.524,8,-5.599,1,0.0338,0.414,0,0.111,0.661,95.01,4
21J7iTRQDBVfq6wM3ZHGhV,千本桜,ボカロ三昧,WagakkiBand,4/23/2014,270306,45,31mwos5o4bx7e5xucbpsl2xgmjaa,2024-07-25T05:56:16Z,"idol rock,kawaii metal,oriental metal,shamisen",avex trax,0.577,0.972,0,-4.031,1,0.0799,0.0141,0.00196,0.17,0.656,153.025,4
6dBUzqjtbnIa1TwYbyw5CM,Lovers Rock,French Exit,TV Girl,6/5/2014,213920,86,31mwos5o4bx7e5xucbpsl2xgmjaa,2024-07-25T05:56:16Z,pov: indie,TV Girl,0.559,0.871,5,-5.338,0,0.0397,0.00000753,0.00545,0.096,0.572,104.97,4
2PzU4IB8Dr6mxV3lHuaG34,(I Can't Get No) Satisfaction - Mono Version,Out Of Our Heads,The Rolling Stones,7/30/1965,222813,77,31mwos5o4bx7e5xucbpsl2xgmjaa,2024-07-25T05:56:16Z,"album rock,british invasion,classic rock,rock","ABKCO Music and Records, Inc.",0.723,0.863,2,-7.89,1,0.0338,0.0383,0.0317,0.128,0.931,136.302,4
4JHg4nNYUJQ5HULcCmI18R,What You Know,Tourist History,Two Door Cinema Club,3/1/2010,189693,74,31mwos5o4bx7e5xucbpsl2xgmjaa,2024-07-25T05:56:16Z,"indie rock,indietronica,irish rock,modern alternative rock,modern rock,northern irish indie",Kitsune,0.549,0.758,6,-3.991,0,0.0406,0.000673,0.00000679,0.0926,0.822,139.052,4
1rh232CwAy3EDEWFJkwH88,Hotel California,"Take It To The Summit (Houston, TX 16th Nov '76)",Eagles,1976,421146,58,31mwos5o4bx7e5xucbpsl2xgmjaa,2024-07-25T05:56:16Z,"album rock,classic rock,heartland rock,mellow gold,rock,soft rock,yacht rock",Madeira Music,0.478,0.628,2,-9.979,1,0.0366,0.257,0,0.327,0.613,143.693,4
6nzXkCBOhb2mxctNihOqbb,Bad Girls,Matangi,M.I.A.,1/1/2013,227520,71,31mwos5o4bx7e5xucbpsl2xgmjaa,2024-07-25T05:56:16Z,"escape room,indietronica,new rave",Interscope,0.639,0.912,1,-2.621,1,0.0615,0.00107,0,0.097,0.343,143.448,4
0v1XpBHnsbkCn7iJ9Ucr1l,It's My Life,Crush,Bon Jovi,1/1/2000,224493,79,31mwos5o4bx7e5xucbpsl2xgmjaa,2024-07-25T05:56:16Z,"glam metal,rock",Island Records,0.551,0.914,0,-4.063,0,0.0465,0.0263,0.0000135,0.347,0.543,119.994,4
2HRgqmZQC0MC7GeNuDIXHN,Seven (feat. Latto) (Explicit Ver.),GOLDEN,"Jung Kook,Latto",11/3/2023,183550,85,31mwos5o4bx7e5xucbpsl2xgmjaa,2024-07-25T05:56:16Z,"k-pop,trap queen",BIGHIT MUSIC,0.79,0.831,11,-4.185,1,0.044,0.312,0,0.0797,0.872,124.987,4
4OSBTYWVwsQhGLF9NHvIbR,Rolling in the Deep,21,Adele,1/24/2011,228093,81,31mwos5o4bx7e5xucbpsl2xgmjaa,2024-07-25T05:56:16Z,"british soul,pop,pop soul,uk pop",XL Recordings,0.73,0.769,8,-5.114,1,0.0298,0.138,0,0.0473,0.507,104.948,4
6NMZXZm3LYMKZNoWJpNxqC,Bear Hugger's Theme (From Super Punch Out),"Super Punch-Out!!, The Themes",Arcade Player,11/6/2020,32461,5,31mwos5o4bx7e5xucbpsl2xgmjaa,2024-07-25T05:56:16Z,sillycore,8-Bit Arcade,0.424,0.651,2,-10.19,0,0.0433,0.00157,0.916,0.705,0.546,120.056,4
0skYUMpS0AcbpjcGsAbRGj,Pink Venom,Pink Venom,BLACKPINK,8/19/2022,186964,63,31mwos5o4bx7e5xucbpsl2xgmjaa,2024-07-25T05:56:16Z,"k-pop,k-pop girl group,pop",YG Entertainment/Interscope Records,0.798,0.697,0,-7.139,1,0.0891,0.0202,0,0.259,0.745,90.031,4
7ef4DlsgrMEH11cDZd32M6,One Kiss (with Dua Lipa),One Kiss (with Dua Lipa),"Calvin Harris,Dua Lipa",4/6/2018,214846,79,31mwos5o4bx7e5xucbpsl2xgmjaa,2024-07-25T05:56:16Z,"dance pop,edm,electro house,house,pop,progressive house,uk dance,uk pop",Sony Music UK,0.791,0.862,9,-3.24,0,0.11,0.037,0.0000219,0.0814,0.592,123.994,4
02MWAaffLxlfxAUY7c5dvx,Heat Waves,Dreamland (+ Bonus Levels),Glass Animals,8/6/2020,238805,31,31mwos5o4bx7e5xucbpsl2xgmjaa,2024-07-25T05:56:16Z,"gauze pop,indietronica,modern rock,pov: indie,shiver pop",Polydor Records,0.761,0.525,11,-6.9,1,0.0944,0.44,0.0000067,0.0921,0.531,80.87,4
6SSC9KZQaxBdyipKRigrFC,Heart Attack (츄),Chuu,LOONA,12/28/2017,194941,58,31mwos5o4bx7e5xucbpsl2xgmjaa,2024-07-25T05:56:16Z,"k-pop,k-pop girl group",BlockBerryCreative,0.663,0.857,7,-3.457,1,0.0581,0.0524,0,0.591,0.75,99.014,4
4yNk9iz9WVJikRFle3XEvn,golden hour,this is what falling in love feels like (554Hz),JVKE,10/3/2022,209259,75,31mwos5o4bx7e5xucbpsl2xgmjaa,2024-07-25T05:56:16Z,"modern indie pop,pov: indie,singer-songwriter pop",JVKE,0.515,0.593,4,-4.801,1,0.0322,0.653,0.162,0.25,0.153,94.467,3
1Pw5C4N6Fn5E4mGCxmbbVa,Say You Won't Let Go,Say You Won't Let Go,James Arthur,9/9/2016,211240,64,31mwos5o4bx7e5xucbpsl2xgmjaa,2024-07-25T05:56:16Z,"pop,talent show,uk pop",Columbia,0.4,0.564,10,-7.444,1,0.0523,0.693,0,0.0863,0.483,99.269,4
0O7xFEqePrcTUgOi4qe0uB,Inner City Life,Inner City Life,Goldie,1/1/1994,420266,37,31mwos5o4bx7e5xucbpsl2xgmjaa,2024-07-25T05:56:16Z,"atmospheric dnb,drum and bass,jungle",London Music Stream/Because Music,0.52,0.848,7,-8.282,1,0.0869,0.00269,0.263,0.0952,0.114,154.934,4
3oUEzTAoOxqZHN4xiqTGqJ,Bécane - A COLORS SHOW,Bécane - A COLORS SHOW,Yamê,6/1/2023,182440,68,31mwos5o4bx7e5xucbpsl2xgmjaa,2024-07-25T05:56:16Z,,COLORSxSTUDIOS,0.505,0.527,10,-7.765,1,0.0958,0.327,0,0.0974,0.235,120.462,4
2XU0oxnq2qxCpomAAuJY8K,Dance Monkey,Dance Monkey (Stripped Back) / Dance Monkey,Tones And I,10/17/2019,209438,73,31mwos5o4bx7e5xucbpsl2xgmjaa,2024-07-25T05:56:16Z,australian pop,Elektra (NEK),0.824,0.588,6,-6.4,0,0.0924,0.692,0.000104,0.149,0.513,98.027,4
53CJANUxooaqGOtdsBTh7O,Old Town Road,Old Town Road,Lil Nas X,3/14/2019,113013,20,31mwos5o4bx7e5xucbpsl2xgmjaa,2024-07-25T05:56:16Z,lgbtq+ hip hop,Columbia,0.908,0.517,1,-6.063,1,0.129,0.0361,0.00000173,0.0949,0.471,136.019,4
4uzKAj0mIyYmyhsRRyPXaQ,Carry You Home,Carry You Home,Alex Warren,5/31/2024,166880,82,31mwos5o4bx7e5xucbpsl2xgmjaa,2024-07-25T05:56:16Z,"gen z singer-songwriter,singer-songwriter pop",Atlantic Records,0.525,0.66,10,-7.094,1,0.111,0.468,0.0000033,0.128,0.458,123.787,4
6AqPGzjaCX7azPWIW6szlf,W MOIM OGRÓDECKU X DRILL,W MOIM OGRÓDECKU X DRILL,typo g,4/5/2022,192339,47,31mwos5o4bx7e5xucbpsl2xgmjaa,2024-07-25T05:56:16Z,polish viral pop,typo g,0.696,0.642,2,-7.347,1,0.116,0.35,0.000504,0.0511,0.678,140.054,4
2W5acFzXf5FrktecuD30Or,One Love,One Love,Blue,2002,207186,64,31mwos5o4bx7e5xucbpsl2xgmjaa,2024-07-25T05:56:16Z,boy band,Innocent,0.683,0.722,8,-4.039,0,0.0358,0.0243,0.000042,0.35,0.854,95.012,4
4IyK8htJJzbRjPihpMouWu,"Ave Maria, Op. 52 No. 6, D. 839 (Arr. for Soprano, Harp & Chorus)","Catholic Classics, Vol. 4: Catholic Latin Classics","The Cathedral Singers,Lorelei McDermott,Stephen Hartman",1/1/2000,248600,46,31mwos5o4bx7e5xucbpsl2xgmjaa,2024-07-25T05:56:16Z,rosary,"GIA Publications, Inc.",0.233,0.122,10,-19.528,1,0.0333,0.988,0.00354,0.0916,0.0991,90.593,3
0oA9wBGDY4uyILLg4GymWP,Tom's Diner,Tom's Diner,"AnnenMayKantereit,Giant Rooks",6/28/2019,269333,73,31mwos5o4bx7e5xucbpsl2xgmjaa,2024-07-25T05:56:16Z,"cologne indie,german singer-songwriter",Vertigo Berlin,0.68,0.428,6,-8.107,0,0.135,0.376,0.000344,0.355,0.334,98.222,4
0qcr5FMsEO85NAQjrlDRKo,Let It Go - From Frozen/Soundtrack Version,Frozen - Original Motion Picture Soundtrack / Deluxe Edition,Idina Menzel,1/1/2013,223840,74,31mwos5o4bx7e5xucbpsl2xgmjaa,2024-07-25T05:56:16Z,"hollywood,movie tunes,show tunes",Walt Disney Records,0.543,0.485,8,-6.79,1,0.0305,0.555,0,0.12,0.372,136.961,4
6XXoKFeQAnOsm2dj5aq4hq,This Is It,Blood Is Rebel,Oh The Larceny,5/17/2019,169487,55,31mwos5o4bx7e5xucbpsl2xgmjaa,2024-07-25T05:56:16Z,"bossbeat,rebel blues",Position Music,0.731,0.799,1,-4.779,1,0.042,0.04,0.0000474,0.108,0.693,117.041,4
086ffpEdAs1bRoZ5RqbqQ8,Cupid - Twin Ver. (FIFTY FIFTY) - Sped Up Version,Cupid - Twin Ver. (FIFTY FIFTY) - Sped Up Version,FIFTY FIFTY,4/8/2023,145200,37,31mwos5o4bx7e5xucbpsl2xgmjaa,2024-07-25T05:56:16Z,k-pop girl group,ATTRAKT,0.737,0.725,5,-7.989,1,0.0414,0.417,0.00129,0.0895,0.746,144.069,4
2RZpKyNqAwoXfXtu5AuSKT,Molly,Molly,James Smith,5/3/2024,173909,40,31mwos5o4bx7e5xucbpsl2xgmjaa,2024-07-25T05:56:16Z,uk pop,Bad Music,0.456,0.557,0,-7.035,1,0.0303,0.499,0.085,0.149,0.346,125.548,4
3JvKfv6T31zO0ini8iNItO,Another Love,Long Way Down (Deluxe),Tom Odell,6/24/2013,244360,87,31mwos5o4bx7e5xucbpsl2xgmjaa,2024-07-25T05:56:16Z,chill pop,ITNO/Columbia,0.445,0.537,4,-8.532,0,0.04,0.695,0.0000165,0.0944,0.131,122.769,4
06KyNuuMOX1ROXRhj787tj,We Don't Talk Anymore (feat. Selena Gomez),Nine Track Mind,"Charlie Puth,Selena Gomez",1/29/2016,217706,77,31mwos5o4bx7e5xucbpsl2xgmjaa,2024-07-25T05:56:16Z,"pop,viral pop,post-teen pop",Artist Partner,0.728,0.563,1,-8.053,0,0.134,0.621,0,0.179,0.352,100.017,4
0vbtURX4qv1l7besfwmnD8,I Took A Pill In Ibiza - Seeb Remix,"At Night, Alone.","Mike Posner,Seeb",5/6/2016,197933,79,31mwos5o4bx7e5xucbpsl2xgmjaa,2024-07-25T05:56:16Z,"dance pop,pop,pop dance,pop rap","Monster Mountain, LLC / Island",0.664,0.714,7,-6.645,0,0.111,0.0353,0.00000842,0.0843,0.71,101.969,4
3A8br9jzxNJPLeyEzqmlfg,Speak Softly Love (From The Godfather),The Godfather Trilogy: New Recordings from the Classic Scores,"The City of Prague Philharmonic Orchestra,Nic Raine",3/13/2001,165466,0,31mwos5o4bx7e5xucbpsl2xgmjaa,2024-07-25T05:56:16Z,"orchestra,scorecore,symfonicky orchestr",Silva Screen Records,0.198,0.192,10,-13.62,0,0.0371,0.823,0.583,0.251,0.0453,108.138,3
3FAJ6O0NOHQV8Mc5Ri6ENp,Heartbreak Anniversary,TAKE TIME,Giveon,3/27/2020,198370,79,31mwos5o4bx7e5xucbpsl2xgmjaa,2024-07-25T05:56:16Z,r&b,Epic/Not So Fast,0.449,0.465,0,-8.964,1,0.0791,0.524,0.00000102,0.303,0.543,89.087,3
60nZcImufyMA1MKQY3dcCH,Happy - From Despicable Me 2,G I R L,Pharrell Williams,3/3/2014,232720,79,31mwos5o4bx7e5xucbpsl2xgmjaa,2024-07-25T05:56:16Z,"dance pop,pop",Columbia,0.647,0.822,5,-4.662,0,0.183,0.219,0,0.0908,0.962,160.019,4
3MnAsEBBsEj86d03RgO4EM,Fairytale,Fairytale,Alexander Rybak,1/12/2009,182600,69,31mwos5o4bx7e5xucbpsl2xgmjaa,2024-07-25T05:56:16Z,,Alexander Rybak,0.573,0.784,2,-5.359,0,0.0293,0.61,0.0000389,0.278,0.655,107.991,4
7Cd17G3oNQ34OWUwS8ZxfR,Lemon,Lemon,Kenshi Yonezu,3/14/2018,256105,57,31mwos5o4bx7e5xucbpsl2xgmjaa,2024-07-25T05:56:16Z,"anime,j-pop",Sony Music Labels Inc.,0.532,0.661,11,-4.924,1,0.0268,0.366,0,0.354,0.446,86.983,4
0bMoNdAnxNR0OuQbGDovrr,ANTIFRAGILE,UNFORGIVEN,LE SSERAFIM,5/1/2023,184444,74,31mwos5o4bx7e5xucbpsl2xgmjaa,2024-07-25T05:56:16Z,k-pop girl group,SOURCE MUSIC,0.879,0.784,10,-3.944,0,0.081,0.0759,0,0.125,0.83,105.019,4
5tE3p4vIwoqUZLkKF2PNeB,Interstellar- Main Theme,Interstellar- Main Theme,Geek Music,5/11/2017,243209,60,31mwos5o4bx7e5xucbpsl2xgmjaa,2024-07-25T05:56:16Z,"scorecore,theme",Geek Music,0.331,0.0451,9,-24.527,0,0.0337,0.908,0.931,0.0893,0.0381,95.954,3
1mXVgsBdtIVeCLJnSnmtdV,Too Good At Goodbyes,The Thrill Of It All (Special Edition),Sam Smith,11/3/2017,201000,82,31mwos5o4bx7e5xucbpsl2xgmjaa,2024-07-25T05:56:16Z,"pop,uk pop",PLG - Capitol,0.715,0.372,5,-8.237,1,0.0443,0.638,0,0.169,0.474,91.931,4
3BKD1PwArikchz2Zrlp1qi,Baby Don't Hurt Me,Baby Don't Hurt Me,"David Guetta,Anne-Marie,Coi Leray",4/6/2023,140017,83,31mwos5o4bx7e5xucbpsl2xgmjaa,2024-07-25T05:56:16Z,"big room,dance pop,edm,pop,pop dance,new jersey underground rap,trap queen",Parlophone UK,0.602,0.91,7,-3.404,1,0.0308,0.00126,0.000174,0.12,0.228,127.944,4
0viLuvPHY9klTMQjftf7mr,DEJA VU - Extended ver.,SUPER EUROBEAT presents DAVE RODGERS Special COLLECTION (Vol.2),dave rodgers,5/29/2013,260340,46,31mwos5o4bx7e5xucbpsl2xgmjaa,2024-07-25T05:56:16Z,super eurobeat,avex trax,0.568,0.966,8,-6.99,1,0.0626,0.102,0,0.105,0.808,77.025,4
4uUG5RXrOk84mYEfFvj3cK,I'm Good (Blue),I'm Good (Blue),"David Guetta,Bebe Rexha",8/26/2022,175238,86,31mwos5o4bx7e5xucbpsl2xgmjaa,2024-07-25T05:56:16Z,"big room,dance pop,edm,pop,pop dance",Parlophone UK,0.561,0.965,7,-3.673,0,0.0343,0.00383,0.00000707,0.371,0.304,128.04,4
2aEuA8PSqLa17Y4hKPj5rr,Cheri Cheri Lady,Let's Talk About Love,Modern Talking,1985,226333,80,31mwos5o4bx7e5xucbpsl2xgmjaa,2024-07-25T05:56:16Z,"europop,synthpop",Hansa Local,0.677,0.616,10,-13.826,1,0.032,0.458,0.0132,0.349,0.851,114.223,4
2QjOHCTQ1Jl3zawyYOpxh6,Sweater Weather,I Love You.,The Neighbourhood,4/22/2013,240400,91,31mwos5o4bx7e5xucbpsl2xgmjaa,2024-07-25T05:56:16Z,"modern alternative rock,modern rock,pop",Columbia,0.612,0.807,10,-2.81,1,0.0336,0.0495,0.0177,0.101,0.398,124.053,4
47BBI51FKFwOMlIiX6m8ya,I Want It That Way,Millennium,Backstreet Boys,5/18/1999,213306,83,31mwos5o4bx7e5xucbpsl2xgmjaa,2024-07-25T05:56:16Z,"boy band,dance pop,pop",Jive,0.689,0.694,6,-5.83,0,0.027,0.257,0,0.148,0.482,99.039,4
4RCWB3V8V0dignt99LZ8vH,Hey There Delilah,All That We Needed,Plain White T's,1/1/2005,232533,76,31mwos5o4bx7e5xucbpsl2xgmjaa,2024-07-25T05:56:16Z,"modern rock,neo mellow,neon pop punk,pop punk,pop rock",Fearless Records,0.658,0.291,2,-10.572,1,0.0292,0.872,0,0.114,0.295,103.962,4
5RKQ5NdjSh2QzD4MaunT91,Don't Stop Believin' (2022 Remaster),Escape (2022 Remaster),Journey,7/17/1981,249600,86,31mwos5o4bx7e5xucbpsl2xgmjaa,2024-07-25T05:56:16Z,"album rock,classic rock,hard rock,mellow gold,rock,soft rock",Columbia/Legacy,0.505,0.754,4,-7.435,1,0.0366,0.132,0,0.204,0.51,119.204,4
7GX5flRQZVHRAGd6B4TmDO,XO Tour Llif3,Luv Is Rage 2,Lil Uzi Vert,8/25/2017,182706,81,31mwos5o4bx7e5xucbpsl2xgmjaa,2024-07-25T05:56:16Z,"hip hop,melodic rap,philly rap,rage rap,rap,trap",Generation Now/Atlantic,0.732,0.75,11,-6.366,0,0.231,0.00264,0,0.109,0.401,155.096,4
1vxw6aYJls2oq3gW0DujAo,Crazy,St. Elsewhere,Gnarls Barkley,4/24/2006,177933,76,31mwos5o4bx7e5xucbpsl2xgmjaa,2024-07-25T05:56:16Z,"atl hip hop,neo soul",WM UK,0.866,0.537,8,-5.786,1,0.0335,0.053,0.0156,0.0866,0.643,111.987,4
06hsdMbBxWGqBO0TV0Zrkf,Cotton Eye Joe,Sex & Violins,Rednex,8/12/1994,194000,70,31mwos5o4bx7e5xucbpsl2xgmjaa,2024-07-25T05:56:16Z,"eurodance,europop,swedish country",Muunshine Muusic,0.729,0.936,9,-7.536,1,0.0776,0.0129,0.000892,0.0367,0.598,131.986,4
5XQavlXrNHBBvlN4IJqhqW,You Raise Me Up,Face To Face,Westlife,10/31/2005,241066,60,31mwos5o4bx7e5xucbpsl2xgmjaa,2024-07-25T05:56:16Z,boy band,S Records,0.23,0.357,10,-6.596,1,0.0315,0.63,0,0.0886,0.174,114.229,4
71MH4bJbfbgaAhrRJzg6Nh,天空之城(经典钢琴版),天空之城(经典钢琴版),dylanf,7/16/2020,180298,40,31mwos5o4bx7e5xucbpsl2xgmjaa,2024-07-25T05:56:16Z,chinese bgm,dylanf,0.464,0.053,0,-17.846,0,0.0307,0.971,0.909,0.139,0.128,86.998,4
0GONea6G2XdnHWjNZd6zt3,Summer Of '69,Reckless (30th Anniversary / Deluxe Edition),Bryan Adams,11/5/1984,216053,81,31mwos5o4bx7e5xucbpsl2xgmjaa,2024-07-25T07:40:00Z,"canadian pop,canadian singer-songwriter,classic canadian rock,heartland rock,mellow gold,soft rock",A&M,0.509,0.834,2,-6.205,1,0.0386,0.0183,0,0.0732,0.774,139.13,4
4ObXcSveTWV1JHllxRy0Iu,Mr. Feel,Mr. Feel,John Michael Howell,3/29/2024,118597,62,31mwos5o4bx7e5xucbpsl2xgmjaa,2024-07-25T05:56:16Z,singer-songwriter pop,John Michael Howell,0.735,0.589,10,-5.224,1,0.0702,0.431,0,0.0514,0.665,148.399,4
2tGvwE8GcFKwNdAXMnlbfl,happier,SOUR,Olivia Rodrigo,5/21/2021,175933,82,31mwos5o4bx7e5xucbpsl2xgmjaa,2024-07-25T05:56:16Z,pop,Olivia Rodrigo PS,0.395,0.443,6,-9.72,1,0.133,0.765,0.00000967,0.0839,0.338,168.924,3
0nrRP2bk19rLc0orkWPQk2,Wake Me Up,TRUE,Avicii,1/1/2013,247426,84,31mwos5o4bx7e5xucbpsl2xgmjaa,2024-07-25T05:56:16Z,"dance pop,edm,pop,pop dance",Universal Music AB,0.532,0.783,2,-5.697,1,0.0523,0.0038,0.0012,0.161,0.643,124.08,4
7floNISpH8VF4z4459Qo18,Look At Me!,Look At Me!,XXXTENTACION,2/20/2017,126345,79,31mwos5o4bx7e5xucbpsl2xgmjaa,2024-07-25T08:07:21Z,"emo rap,miami hip hop,rap",Bad Vibes Forever / EMPIRE,0.763,0.726,1,-6.405,1,0.282,0.259,0,0.0976,0.349,139.059,4
2ZA4uMlSZjaoWGFqP1tsLI,Ordinary People,Get Lifted,John Legend,12/6/2005,281466,62,31mwos5o4bx7e5xucbpsl2xgmjaa,2024-07-25T05:56:16Z,"neo soul,pop,pop soul,urban contemporary",Getting Out Our Dreams/Sony Urban Music/Columbia,0.469,0.132,10,-14.001,1,0.0798,0.928,0,0.0873,0.36,66.989,3
0sTlGEld0h8kIPZaKDYUf4,Notion,Notion,The Rare Occasions,12/2/2021,195120,80,31mwos5o4bx7e5xucbpsl2xgmjaa,2024-07-25T05:56:16Z,la indie,Elektra (NEK),0.309,0.883,9,-3.825,1,0.0808,0.0673,0.00111,0.0849,0.312,159.488,4
6rPO02ozF3bM7NnOV4h6s2,Despacito - Remix,Despacito Feat. Justin Bieber (Remix),"Luis Fonsi,Daddy Yankee,Justin Bieber",4/17/2017,228826,69,31mwos5o4bx7e5xucbpsl2xgmjaa,2024-07-25T05:56:16Z,"latin pop,puerto rican pop,latin hip hop,reggaeton,trap latino,urbano latino,canadian pop,pop",Republic/UMLE,0.653,0.816,2,-4.353,1,0.167,0.228,0,0.0967,0.816,178.085,4
2pUpNOgJBIBCcjyQZQ00qU,Let Her Go,All the Little Lights (Deluxe),Passenger,11/29/2013,252733,77,31mwos5o4bx7e5xucbpsl2xgmjaa,2024-07-25T05:56:16Z,"folk-pop,neo mellow",Black Crow Records,0.445,0.541,7,-7.36,1,0.0736,0.359,0,0.109,0.217,76.289,4
6bNB5gxFX6Q87DbQWb8OWZ,Waka Waka (This Time for Africa) [The Official 2010 FIFA World Cup (TM) Song] (feat. Freshlyground),Listen Up! The Official 2010 FIFA World Cup Album,"Shakira,Freshlyground",5/28/2010,202626,66,31mwos5o4bx7e5xucbpsl2xgmjaa,2024-07-25T05:56:16Z,"colombian pop,dance pop,latin pop,pop,african rock,afropop,kwaito,south african jazz,south african pop,south african pop dance",Epic,0.758,0.871,2,-6.408,1,0.147,0.0062,0,0.0663,0.753,126.994,4
2tpWsVSb9UEmDRxAl1zhX1,Counting Stars,Native,OneRepublic,1/1/2013,257265,85,31mwos5o4bx7e5xucbpsl2xgmjaa,2024-07-25T05:56:16Z,"piano rock,pop",Mosley / Interscope,0.663,0.706,1,-4.972,0,0.0383,0.0654,0,0.118,0.474,122.013,4
5mc4qhIgUyekYFV5IGD3kC,We No Speak Americano,Whisky & Soda & Rock 'N' Roll,"Yolanda Be Cool,DCup",1/1/2010,186373,41,31mwos5o4bx7e5xucbpsl2xgmjaa,2024-07-25T05:56:16Z,"australian dance,australian house,bass house",EMI Marketing,0.919,0.686,10,-5.221,0,0.159,0.157,0.098,0.122,0.707,125.022,4
1HXchhExSIsJODlUyAXPlB,Pirates Of The Caribbean - Main Theme - He's A Pirate,Pirates Of The Caribbean - Main Theme - He's A Pirate,Geek Music,10/31/2016,157895,51,31mwos5o4bx7e5xucbpsl2xgmjaa,2024-07-25T05:56:16Z,"scorecore,theme",Geek Music,0.618,0.715,5,-12.79,0,0.034,0.134,0.978,0.104,0.745,105.754,3
5fnA9mkIfScSqHIpeDyvck,Prayer in C - Robin Schulz Radio Edit,Prayer in C,"Lilly Wood and The Prick,Robin Schulz",5/16/2014,189413,73,31mwos5o4bx7e5xucbpsl2xgmjaa,2024-07-25T05:56:16Z,"french indie pop,french rock,deep euro house,deep house,edm,german dance,pop dance,tropical house",WM Germany,0.763,0.875,9,-5.797,0,0.0262,0.024,0.00000541,0.599,0.8,123.013,4
5TbzAWWc5eJaANpA9kfGCd,Love Me Again,Tribute,John Newman,1/1/2013,239894,75,31mwos5o4bx7e5xucbpsl2xgmjaa,2024-07-25T05:56:16Z,dance pop,Universal-Island Records Ltd.,0.495,0.894,2,-4.814,0,0.0441,0.00453,0.000596,0.103,0.213,126.03,4
4XPXrcpyNr30Km6aPiflJy,God’s Menu,GO LIVE,Stray Kids,6/17/2020,167922,72,31mwos5o4bx7e5xucbpsl2xgmjaa,2024-07-25T05:56:16Z,"k-pop,k-pop boy group,pop",Republic Records - Stray Kids,0.689,0.771,5,-3.618,1,0.0548,0.00776,0,0.521,0.482,157.052,4
1JSTJqkT5qHq8MDJnJbRE1,Every Breath You Take,Synchronicity (Remastered 2003),The Police,6/17/1983,253920,87,31mwos5o4bx7e5xucbpsl2xgmjaa,2024-07-25T05:56:16Z,"album rock,classic rock,permanent wave,rock",Polydor Records,0.82,0.452,1,-9.796,1,0.0348,0.543,0.00294,0.0714,0.74,117.401,4
6HSXNV0b4M4cLJ7ljgVVeh,Knockin' On Heaven's Door,Pat Garrett & Billy The Kid (Soundtrack From The Motion Picture),Bob Dylan,7/13/1973,149880,81,31mwos5o4bx7e5xucbpsl2xgmjaa,2024-07-27T08:30:50Z,"classic rock,country rock,folk,folk rock,rock,roots rock,singer-songwriter",Columbia/Legacy,0.513,0.396,7,-13.061,1,0.0299,0.251,0.177,0.11,0.229,140.208,4
3r72MHT1t2p1ygCSwVbXqQ,曾经的你,每一刻都是崭新的,Xu Wei,2004,261504,40,31mwos5o4bx7e5xucbpsl2xgmjaa,2024-07-25T05:56:16Z,"c-pop,chinese singer-songwriter,northwest china indie",Gold Typhoon China,0.576,0.6,4,-9.272,1,0.0265,0.0888,0.00778,0.0585,0.435,94.989,4
275a9yzwGB6ncAW4SxY7q3,Panda,Panda,Desiigner,2/26/2016,247866,64,31mwos5o4bx7e5xucbpsl2xgmjaa,2024-07-25T05:56:16Z,"pop rap,rap,southern hip hop,trap,viral trap",Getting Out Our Dreams Inc. (G.O.O.D.) Music / IDJ,0.686,0.73,10,-5.504,0,0.412,0.0287,0,0.369,0.271,145.251,4
0ct6r3EGTcMLPtrXHDvVjc,The Nights,The Days / Nights,Avicii,1/1/2014,176658,83,31mwos5o4bx7e5xucbpsl2xgmjaa,2024-07-25T05:56:16Z,"dance pop,edm,pop,pop dance",Universal Music AB,0.527,0.835,6,-5.298,1,0.0433,0.0166,0,0.249,0.654,125.983,4
4Y5iiQtFQvt6q95magBL5u,Dutch Windmills,Europe,"Derek Fiechter,Brandon Fiechter",8/21/2015,189531,11,31mwos5o4bx7e5xucbpsl2xgmjaa,2024-07-25T05:56:16Z,middle earth,Various Artists,0.651,0.17,2,-15.22,1,0.033,0.883,0.0204,0.096,0.901,95.968,1
6DCZcSspjsKoFjzjrWoCdn,God's Plan,Scorpion,Drake,6/29/2018,198973,81,31mwos5o4bx7e5xucbpsl2xgmjaa,2024-07-25T05:56:16Z,"canadian hip hop,canadian pop,hip hop,pop rap,rap",Cash Money/Drake LP6,0.754,0.449,7,-9.211,1,0.109,0.0332,0.0000829,0.552,0.357,77.169,4
3B54sVLJ402zGa6Xm4YGNe,Unforgettable,Jungle Rules,"French Montana,Swae Lee",7/14/2017,233901,85,31mwos5o4bx7e5xucbpsl2xgmjaa,2024-07-25T05:56:16Z,"hip hop,pop rap,rap,southern hip hop,trap,melodic rap",Bad Boy Entertainment/Epic Records,0.726,0.769,6,-5.043,1,0.123,0.0293,0.0101,0.104,0.733,97.985,4
03fijJ2GEzZ92Zl5fuTxI7,Super Mario Bros. Main Theme,Top 10 Nes Soundtracks,Koji Kondo,2/27/2019,119960,47,31mwos5o4bx7e5xucbpsl2xgmjaa,2024-07-25T05:56:16Z,japanese vgm,Drug Boulevard,0.551,0.152,0,-20.01,1,0.387,0.0953,0.652,0.0738,0.983,99.495,4
7qFtcljd0PZ5kJZos70YjT,chance with you,SKY ON FIRE,mehro,3/25/2021,215515,65,31mwos5o4bx7e5xucbpsl2xgmjaa,2024-07-25T05:56:16Z,gen z singer-songwriter,Heroine Music Group LLC,0.562,0.494,4,-8.13,0,0.0278,0.864,0.0259,0.153,0.383,144.104,4
5r5cp9IpziiIsR6b93vcnQ,Walking On A Dream,Walking On A Dream (10th Anniversary Edition),Empire Of The Sun,10/3/2008,198440,79,31mwos5o4bx7e5xucbpsl2xgmjaa,2024-07-25T05:56:16Z,"australian dance,australian electropop,dance rock,indietronica,neo-synthpop",EMI Recorded Music Australia Pty Ltd,0.871,0.701,5,-5.594,0,0.0458,0.257,0.00000752,0.0589,0.716,126.975,4
56w5pOcLejd9Ol8aYbWYza,Tarantella Napoletana,Tarantella Napoletana,Gli Italiani di Ieri,3/21/2019,180167,39,31mwos5o4bx7e5xucbpsl2xgmjaa,2024-07-25T05:56:16Z,,Italian Folk,0.749,0.785,2,-6.605,1,0.0393,0.0327,0.481,0.0226,0.848,133.907,4
5Rh2LfmMRp6OF6Tx53Jd8w,Pompeii (But If You Close Your Eyes),Sweater Weather (Cause It's Too Cold for You Here) [Your Fav. Re-Mix Single's],When Thieves Run,11/12/2013,214448,33,31mwos5o4bx7e5xucbpsl2xgmjaa,2024-07-25T05:56:16Z,,New Music Masters,0.636,0.757,9,-6.789,1,0.0531,0.264,0,0.193,0.447,127.53,4
5kqIPrATaCc2LqxVWzQGbk,7 Years,Lukas Graham,Lukas Graham,4/1/2016,237300,80,31mwos5o4bx7e5xucbpsl2xgmjaa,2024-07-25T05:56:16Z,"danish pop,scandipop",Warner Records,0.765,0.473,10,-5.829,1,0.0514,0.287,0,0.391,0.34,119.992,4
5JlqbEj7Bbh2RdZgcO5kJE,One Day,Light,Matisyahu,8/10/2009,207573,52,31mwos5o4bx7e5xucbpsl2xgmjaa,2024-07-25T05:56:16Z,reggae fusion,Fallen Sparks Records,0.346,0.61,0,-5.818,1,0.15,0.198,0,0.117,0.235,68.552,4
70C4NyhjD5OZUMzvWZ3njJ,Piano Man,Piano Man (Legacy Edition),Billy Joel,11/7/1973,339000,75,31mwos5o4bx7e5xucbpsl2xgmjaa,2024-07-25T05:56:16Z,"album rock,classic rock,mellow gold,piano rock,rock,singer-songwriter,soft rock",Columbia/Legacy,0.331,0.55,0,-6.483,1,0.0272,0.605,0.00000396,0.192,0.429,177.734,3
2vWBUC9djv6BtiGlmKiQaH,YKWIM?,Bipolar,Yot Club,5/31/2019,212750,79,31mwos5o4bx7e5xucbpsl2xgmjaa,2024-07-25T05:56:16Z,bedroom pop,Yot Club under exclusive license to Amuseio AB,0.372,0.537,9,-7.623,1,0.0305,0.937,0.873,0.287,0.228,123.735,3
152lZdxL1OR0ZMW6KquMif,Location,American Teen,Khalid,4/27/2017,219080,77,31mwos5o4bx7e5xucbpsl2xgmjaa,2024-07-25T05:56:16Z,"pop,pop r&b","Right Hand Music Group, LLC/RCA Records",0.736,0.449,1,-11.462,0,0.425,0.33,0.000162,0.0898,0.326,80.126,4
7Kc80wZ35cLBQVIY0lKrdo,Before Chill,Cats Walking,Yomoti,2/23/2018,129891,34,31mwos5o4bx7e5xucbpsl2xgmjaa,2024-07-25T05:56:16Z,,Yomoti,0.663,0.389,10,-8.209,0,0.0406,0.306,0.725,0.112,0.207,170.237,4
0OFknyqxmSQ42SoKxWVTok,Un Poco Loco,Coco (Original Motion Picture Soundtrack),"Anthony Gonzalez,Gael Garcia Bernal",11/10/2017,112205,66,31mwos5o4bx7e5xucbpsl2xgmjaa,2024-07-25T05:56:16Z,movie tunes,Walt Disney Records,0.62,0.497,7,-7.509,1,0.133,0.597,0.0000136,0.322,0.636,126.021,4
7BqHUALzNBTanL6OvsqmC1,Happier,Happier,"Marshmello,Bastille",8/17/2018,214289,82,31mwos5o4bx7e5xucbpsl2xgmjaa,2024-07-25T05:56:16Z,"brostep,edm,pop,progressive electro house,metropopolis,modern rock",Joytime Collective,0.687,0.792,5,-2.749,1,0.0452,0.191,0,0.167,0.671,100.011,4
1xxJiB2B3rMw8g85PPtcN7,น้ำแดงน้ำส้ม,น้ำแดงน้ำส้ม,JV.JARVIS,4/9/2021,156373,49,31mwos5o4bx7e5xucbpsl2xgmjaa,2024-07-25T05:56:16Z,thai viral pop,JV.JARVIS,0.845,0.631,9,-9.567,1,0.217,0.456,0.00000213,0.137,0.526,132.084,4
1pJL6ZlL4E06VpbbagbdzE,Traditionnel musette,Orchestre Maurice Larcange,Orchestre Maurice Larcange,12/22/2017,139250,32,31mwos5o4bx7e5xucbpsl2xgmjaa,2024-07-25T05:56:16Z,,Garzonmusic.fr,0.686,0.724,10,-10.034,1,0.046,0.602,0.409,0.086,0.953,106.299,4
3Wrjm47oTz2sjIgck11l5e,Beggin',Chosen,Måneskin,12/8/2017,211560,83,31mwos5o4bx7e5xucbpsl2xgmjaa,2024-07-25T05:56:16Z,"indie rock italiano,italian pop",RCA Records Label,0.714,0.8,11,-4.808,0,0.0504,0.127,0,0.359,0.589,134.002,4
2Xr1dTzJee307rmrkt8c0g,love nwantiti (ah ah ah),CKay The First,CKay,8/30/2019,145800,75,31mwos5o4bx7e5xucbpsl2xgmjaa,2024-07-25T05:56:16Z,"afro r&b,afrobeats",Chocolate City Music,0.727,0.739,8,-3.805,1,0.0411,0.365,0.00137,0.161,0.533,93.005,4
0lkG8eYu4LDRohl6iD3pXK,Belong Together,Our Way,Mark Ambor,6/28/2024,148317,53,31mwos5o4bx7e5xucbpsl2xgmjaa,2024-07-25T05:56:16Z,singer-songwriter pop,"Hundred Days Records, LLC",0.646,0.668,2,-5.203,1,0.0282,0.491,0,0.212,0.64,90.97,4
5Vnx5i9VJSZ6ayfK6jncf8,一翦梅,天之大,Fei Yu-ching,4/30/2010,234866,53,31mwos5o4bx7e5xucbpsl2xgmjaa,2024-07-25T05:56:16Z,"c-pop,classic mandopop",Columbia,0.29,0.482,6,-8.207,0,0.035,0.145,0.000171,0.12,0.247,141.459,4
2Vn64pgbiFjMdqkCf2dvLK,Herr Mannelig - 2023 Remastered,Guds spelemän (2023 Remastered),Garmarna,2/14/1996,385880,47,31mwos5o4bx7e5xucbpsl2xgmjaa,2024-07-25T05:56:16Z,"folkmusik,hurdy-gurdy,nordic folk,viking folk",Massproduktion,0.19,0.356,7,-11.505,0,0.0289,0.306,0.00252,0.116,0.0547,72.105,4
2GiJYvgVaD2HtM8GqD9EgQ,Electric Love,Dopamine,BØRNS,10/16/2015,218106,77,31mwos5o4bx7e5xucbpsl2xgmjaa,2024-07-25T05:56:16Z,"indie poptimism,modern alternative rock,modern rock,pov: indie",UMGRI Interscope,0.611,0.797,6,-7.627,0,0.0533,0.00543,0.00137,0.26,0.518,120.041,4
744FS9EnzdHiyiBLPulrVZ,Misery x CPR,I’m Bored,,,205123,0,31mwos5o4bx7e5xucbpsl2xgmjaa,2024-07-25T05:56:16Z,,undefined,,,,,,,,,,,,
0JJP0IS4w0fJx01EcrfkDe,"Dear Maria, Count Me In","So Wrong, It's Right",All Time Low,9/25/2007,182826,76,31mwos5o4bx7e5xucbpsl2xgmjaa,2024-07-25T05:56:16Z,"modern rock,neon pop punk,pop punk",Hopeless Records,0.459,0.895,2,-3.126,1,0.0805,0.00725,0,0.206,0.572,181.04,4
1ujxjsoNvh4XgS2fUNwkZ2,Space Song,Depression Cherry,Beach House,8/28/2015,320466,72,31mwos5o4bx7e5xucbpsl2xgmjaa,2024-07-25T05:56:16Z,"art pop,baltimore indie,dream pop,dreamo,indie rock,indietronica,modern dream pop,pov: indie",Apple Orchard Music,0.509,0.793,0,-7.107,0,0.0293,0.221,0.127,0.144,0.625,147.065,4
5Su5ILFp6U83cnIXwfmlC5,Drunken Sailor,Drunken Sailor,The Irish Rovers,2/22/2012,176853,58,31mwos5o4bx7e5xucbpsl2xgmjaa,2024-07-25T05:56:16Z,"canadian celtic,irish folk,irish pub song,shanty",Rover Records,0.668,0.897,2,-5.135,1,0.0418,0.626,0.229,0.0932,0.955,121.855,4
2zdNjnpw2V1DBpx653KK8M,Hoist The Colours,The Wellermen,"The Wellermen,Ebucs,Eric Hollaway,Big Brev,Davide Dalmonte,Bobby Bass",2/10/2023,278442,61,31mwos5o4bx7e5xucbpsl2xgmjaa,2024-07-25T05:56:16Z,shanty,Tenwest,0.287,0.298,1,-13.61,1,0.0326,0.62,0.0000187,0.163,0.243,94.531,3
0yacFoupTf2z0Hk5QDFPGn,Turkish March,Classical Piano for Children,"Wolfgang Amadeus Mozart,Boris Apostolov",5/2/2021,196000,44,31mwos5o4bx7e5xucbpsl2xgmjaa,2024-07-25T05:56:16Z,"classical,classical era",Piano Gems,0.569,0.0936,9,-23.049,1,0.1,0.947,0.909,0.0824,0.96,141.653,4
3dPQuX8Gs42Y7b454ybpMR,Seven Nation Army,Elephant,The White Stripes,4/1/2003,232106,83,31mwos5o4bx7e5xucbpsl2xgmjaa,2024-07-25T07:25:19Z,"alternative rock,blues rock,detroit rock,garage rock,modern blues rock,permanent wave,punk blues,rock",Legacy Recordings,0.743,0.446,4,-7.807,0,0.0683,0.0039,0.118,0.337,0.278,123.596,4
1PVTvvxpSkyJWemW1CwVVk,Fly Me To The Moon,A Man And His Music,Frank Sinatra,1965-12,148866,54,31mwos5o4bx7e5xucbpsl2xgmjaa,2024-07-25T05:56:16Z,"adult standards,easy listening,lounge",FRANK SINATRA DIGITAL REPRISE,0.623,0.274,5,-14.929,1,0.07,0.343,0.00000316,0.0404,0.427,118.052,4
6fujklziTHa8uoM5OQSfIo,Black Beatles,SremmLife 2 - Deluxe,"Rae Sremmurd,Gucci Mane",8/12/2016,291893,73,31mwos5o4bx7e5xucbpsl2xgmjaa,2024-07-25T05:56:16Z,"melodic rap,mississippi hip hop,pop rap,rap,trap,atl hip hop,dirty south rap,hip hop,southern hip hop",Mike WiLL Made-It,0.794,0.632,0,-6.163,1,0.0649,0.142,0,0.128,0.355,145.926,4
2Y0iGXY6m6immVb2ktbseM,Little Dark Age,Little Dark Age,MGMT,2/9/2018,299960,76,31mwos5o4bx7e5xucbpsl2xgmjaa,2024-07-25T05:56:16Z,"alternative rock,indie rock,indietronica,modern rock,rock",Columbia,0.705,0.712,6,-6.156,1,0.0385,0.0102,0.000855,0.1,0.62,97.512,4
7GVUmCP00eSsqc4tzj1sDD,Come and Get Your Love - Single Version,Come and Get Your Love,Redbone,11/1/1973,205933,82,31mwos5o4bx7e5xucbpsl2xgmjaa,2024-07-25T05:56:16Z,"native american contemporary,native american traditional",Epic/Legacy,0.731,0.804,11,-7.621,0,0.0473,0.172,0.00028,0.0685,0.957,107.383,4
6XQHlsNu6so4PdglFkJQRJ,City Of Stars - From La La Land Soundtrack,La La Land (Original Motion Picture Soundtrack),"Ryan Gosling,Emma Stone",12/9/2016,149706,63,31mwos5o4bx7e5xucbpsl2xgmjaa,2024-07-25T05:56:16Z,hollywood,UMGRI Interscope,0.492,0.116,2,-15.15,0,0.0379,0.899,0.00000193,0.0889,0.434,111.787,4
7oOOI85fVQvVnK5ynNMdW7,Rock with You - Single Version,Off the Wall,Michael Jackson,8/10/1979,220626,79,31mwos5o4bx7e5xucbpsl2xgmjaa,2024-08-02T03:56:13Z,"r&b,soul",Epic,0.808,0.535,1,-12.521,1,0.0353,0.179,0.0000991,0.158,0.848,114.031,4
5sdQOyqq2IDhvmx2lHOpwd,Super Shy,NewJeans 'Super Shy',NewJeans,7/7/2023,154666,79,31mwos5o4bx7e5xucbpsl2xgmjaa,2024-07-25T05:56:16Z,"k-pop,k-pop girl group",ADOR,0.776,0.817,5,-6.018,0,0.0748,0.18,0.0000344,0.146,0.515,149.921,4
18uwL0vNUanqZH0ro2QcOP,comethru,"summer,",Jeremy Zucker,9/28/2018,181613,73,31mwos5o4bx7e5xucbpsl2xgmjaa,2024-07-25T05:56:16Z,"alt z,electropop,pop",Republic Records,0.796,0.178,0,-11.991,1,0.0572,0.607,0,0.623,0.608,93.976,4
1roCmBlcpV7LzsmB7pmCyt,Let Me Down Slowly (feat. Alessia Cara),Let Me Down Slowly (feat. Alessia Cara),"Alec Benjamin,Alessia Cara",1/7/2019,169174,63,31mwos5o4bx7e5xucbpsl2xgmjaa,2024-07-25T05:56:16Z,"alt z,pop,pov: indie,canadian contemporary r&b,canadian pop",P2019,0.655,0.569,1,-5.018,0,0.0349,0.716,0.0000074,0.135,0.44,150.267,4
72VBmMUTEVWFcDUVgMbqo0,Atlantis - Sped Up Version,Atlantis,"Seafret,sped up + slowed",1/29/2016,212443,63,31mwos5o4bx7e5xucbpsl2xgmjaa,2024-07-25T05:56:16Z,"folk-pop,sped up",Sweet Jane Recordings,0.425,0.544,9,-7.105,0,0.0292,0.0562,0,0.115,0.138,90.043,4
0NZPBYD5qbEWRs3PrGiRkT,Unholy (feat. Kim Petras),Gloria,"Sam Smith,Kim Petras",1/27/2023,156943,75,31mwos5o4bx7e5xucbpsl2xgmjaa,2024-07-25T05:56:16Z,"pop,uk pop,alt z,dance pop,transpop",Capitol Records UK / EMI,0.719,0.454,2,-7.384,1,0.0707,0.0138,0.00000483,0.318,0.224,131.007,4
7pcTLUekZJQnzDOUDuExVJ,打上花火,打上花火,"Daoko,Kenshi Yonezu",8/16/2017,289334,59,31mwos5o4bx7e5xucbpsl2xgmjaa,2024-07-25T05:56:16Z,"j-pixie,japanese electropop,anime,j-pop",TOY'S FACTORY,0.635,0.667,6,-5.392,1,0.0253,0.207,0,0.108,0.261,96.003,4
3KkXRkHbMCARz0aVfEt68P,Sunflower - Spider-Man: Into the Spider-Verse,Spider-Man: Into the Spider-Verse (Soundtrack From & Inspired by the Motion Picture),"Post Malone,Swae Lee",12/14/2018,158040,80,31mwos5o4bx7e5xucbpsl2xgmjaa,2024-07-25T05:56:16Z,"dfw rap,melodic rap,pop,rap,trap",Universal Records,0.76,0.478,2,-5.574,1,0.0467,0.552,0,0.0703,0.913,89.908,4
1Y3LN4zO1Edc2EluIoSPJN,Until I Found You (with Em Beihold) - Em Beihold Version,Until I Found You (Em Beihold Version),"Stephen Sanchez,Em Beihold",4/22/2022,176440,79,31mwos5o4bx7e5xucbpsl2xgmjaa,2024-07-25T05:56:16Z,"gen z singer-songwriter,alt z",Republic Records,0.551,0.55,10,-5.339,1,0.0286,0.777,0,0.202,0.342,101.19,3
5HCyWlXZPP0y6Gqq8TgA20,STAY (with Justin Bieber),STAY (with Justin Bieber),"The Kid LAROI,Justin Bieber",7/9/2021,141805,79,31mwos5o4bx7e5xucbpsl2xgmjaa,2024-07-25T05:56:16Z,"australian hip hop,canadian pop,pop",Columbia,0.591,0.764,1,-5.484,1,0.0483,0.0383,0,0.103,0.478,169.928,4
5IgjP7X4th6nMNDh4akUHb,Under The Influence,Indigo (Extended),Chris Brown,10/4/2019,184613,84,31mwos5o4bx7e5xucbpsl2xgmjaa,2024-07-25T05:56:16Z,"r&b,rap",Chris Brown Entertainment/RCA Records,0.755,0.562,9,-8.947,0,0.0355,0.0186,0.000231,0.18,0.368,116.931,4
6dWf1xaHOmJo7eL9WuSkdL,Goosebumps,The Hate U Give - Original Motion Picture Soundtrack,"Travis Scott,Kendrick Lamar",10/12/2018,243840,59,31mwos5o4bx7e5xucbpsl2xgmjaa,2024-07-25T05:56:16Z,"rap,slap house,conscious hip hop,hip hop,west coast rap",Def Jam Recordings,0.849,0.629,7,-6.27,1,0.0475,0.0795,0,0.13,0.467,130.103,4
4IdQZXMOooaIRoP7N2qCn8,My Neighbor Totoro,My Neighbor Totoro Image Song Collection,Azumi Inoue,1987,258826,52,31mwos5o4bx7e5xucbpsl2xgmjaa,2024-07-25T05:56:16Z,anime score,Joe Hisaishi,0.703,0.713,5,-7.89,1,0.0281,0.564,0,0.082,0.925,129.193,4
7qEHsqek33rTcFNT9PFqLf,Someone You Loved,Divinely Uninspired To A Hellish Extent,Lewis Capaldi,5/17/2019,182160,87,31mwos5o4bx7e5xucbpsl2xgmjaa,2024-07-25T05:56:16Z,"pop,uk pop",Vertigo Berlin,0.501,0.405,1,-5.679,1,0.0319,0.751,0,0.105,0.446,109.891,4
1SKPmfSYaPsETbRHaiA18G,Somewhere Only We Know,Hopes And Fears,Keane,5/10/2004,237146,83,31mwos5o4bx7e5xucbpsl2xgmjaa,2024-07-25T05:56:16Z,"neo mellow,piano rock,pop rock",Universal-Island Records Ltd.,0.448,0.665,9,-4.203,1,0.026,0.06,0.0000255,0.0828,0.304,172.004,4
3hxIUxnT27p5WcmjGUXNwx,Shut up My Moms Calling,Shut up My Moms Calling,Hotel Ugly,2/10/2020,164571,86,31mwos5o4bx7e5xucbpsl2xgmjaa,2024-07-25T05:56:16Z,modern indie pop,"Hotel Ugly, under exclusive license to Amuseio AB",0.485,0.409,9,-10.711,0,0.101,0.325,0,0.103,0.376,138.419,4
3WMj8moIAXJhHsyLaqIIHI,Something in the Orange,Something in the Orange,Zach Bryan,4/22/2022,228013,86,31mwos5o4bx7e5xucbpsl2xgmjaa,2024-07-25T05:56:16Z,classic oklahoma country,Warner Records,0.369,0.192,4,-12.151,0,0.04,0.555,0.00000835,0.0954,0.148,175.212,3
6dN5MTGByJz4DRQ8SCiWh6,一无所有,新长征路上的摇滚,Cui Jian,2/1/1989,343533,30,31mwos5o4bx7e5xucbpsl2xgmjaa,2024-07-26T11:49:36Z,"c-pop,chinese indie rock,classic mandopop",北京东西音乐艺术制作有限责任公司,0.361,0.82,2,-4.562,1,0.0462,0.0971,0.000605,0.0578,0.318,125.848,4
6mFkJmJqdDVQ1REhVfGgd1,Wish You Were Here,Wish You Were Here,Pink Floyd,9/12/1975,334743,74,31mwos5o4bx7e5xucbpsl2xgmjaa,2024-07-27T08:28:29Z,"album rock,art rock,classic rock,progressive rock,psychedelic rock,rock,symphonic rock",Pink Floyd Records,0.481,0.262,7,-15.73,1,0.0414,0.735,0.0114,0.832,0.375,122.861,4
3xKsf9qdS1CyvXSMEid6g8,Pink + White,Blonde,Frank Ocean,8/20/2016,184516,87,31mwos5o4bx7e5xucbpsl2xgmjaa,2024-07-25T05:56:16Z,"lgbtq+ hip hop,neo soul",Boys Don't Cry,0.545,0.545,9,-7.362,1,0.107,0.667,0.0000548,0.417,0.549,159.94,3
3EaJDYHA0KnX88JvDhL9oa,Dark Red,Dark Red,Steve Lacy,2/20/2017,173104,85,31mwos5o4bx7e5xucbpsl2xgmjaa,2024-07-25T05:56:16Z,afrofuturism,Three Quarter,0.603,0.784,6,-4.023,1,0.062,0.446,0.00000832,0.119,0.769,172.041,4
21jGcNKet2qwijlDFuPiPb,Circles,Hollywood's Bleeding,Post Malone,9/6/2019,215280,84,31mwos5o4bx7e5xucbpsl2xgmjaa,2024-07-25T05:56:16Z,"dfw rap,melodic rap,pop,rap",Republic Records,0.695,0.763,0,-3.497,1,0.0396,0.189,0.00242,0.0863,0.551,120.042,4
4eHbdreAnSOrDDsFfc4Fpm,I Will Always Love You,The Bodyguard - Original Soundtrack Album,Whitney Houston,11/17/1992,271093,77,31mwos5o4bx7e5xucbpsl2xgmjaa,2024-08-14T03:23:13Z,"dance pop,pop",Arista,0.332,0.214,4,-12.518,1,0.0349,0.845,0.00000562,0.0839,0.11,67.531,4
4xF4ZBGPZKxECeDFrqSAG4,snowfall,snowfall,"Øneheart,reidenshi",1/14/2022,124065,82,31mwos5o4bx7e5xucbpsl2xgmjaa,2024-07-25T05:56:16Z,"hardwave,ambient lo-fi",Øneheart & reidenshi,0.466,0.0918,10,-26.813,1,0.0269,0.929,0.803,0.439,0.0841,95.014,4
2WfaOiMkCvy7F5fcp2zZ8L,Take on Me,Hunting High and Low,a-ha,6/1/1985,225280,86,31mwos5o4bx7e5xucbpsl2xgmjaa,2024-07-25T05:56:16Z,"new romantic,new wave,new wave pop,permanent wave,synthpop",Rhino,0.573,0.902,6,-7.638,0,0.054,0.018,0.00125,0.0928,0.876,84.412,4
0y60itmpH0aPKsFiGxmtnh,Wait a Minute!,ARDIPITHECUS,WILLOW,1/11/2015,196520,77,31mwos5o4bx7e5xucbpsl2xgmjaa,2024-07-25T05:56:16Z,"afrofuturism,pop,post-teen pop,pov: indie",Roc Nation W Smith P&D,0.764,0.705,3,-5.279,0,0.0278,0.0371,0.0000194,0.0943,0.672,101.003,4
2a1o6ZejUi8U3wzzOtCOYw,Danza Kuduro,Meet The Orphans,"Don Omar,Lucenzo",1/1/2010,198773,80,31mwos5o4bx7e5xucbpsl2xgmjaa,2024-07-25T05:56:16Z,"latin hip hop,puerto rican pop,reggaeton,trap latino,urbano latino",UMLE - Machete,0.4,0.915,0,-4.89,1,0.279,0.083,0,0.0503,0.871,89.006,3
0VjIjW4GlUZAMYd2vXMi3b,Blinding Lights,After Hours,The Weeknd,3/20/2020,200040,88,31mwos5o4bx7e5xucbpsl2xgmjaa,2024-07-25T05:56:16Z,"canadian contemporary r&b,canadian pop,pop",Republic Records,0.513,0.73,1,-5.94,1,0.0598,0.00143,0.0000954,0.0897,0.334,171.001,4
5vjLSffimiIP26QG5WcN2K,Hold On,Hold On,Chord Overstreet,2/3/2017,198853,76,31mwos5o4bx7e5xucbpsl2xgmjaa,2024-07-25T05:56:16Z,acoustic pop,Safehouse Records / Island Records,0.618,0.443,2,-9.681,1,0.0526,0.469,0,0.0829,0.167,119.949,4
1DIXPcTDzTj8ZMHt3PDt8p,Gangsta's Paradise,Gangsta's Paradise,"Coolio,L.V.",11/7/1995,240693,85,31mwos5o4bx7e5xucbpsl2xgmjaa,2024-07-25T05:56:16Z,"g funk,gangster rap,hip hop,west coast rap","Tommy Boy Music, LLC",0.647,0.514,8,-10.05,1,0.0593,0.0655,0,0.398,0.386,79.975,4
2Vy9F0mp0gcj9NxzfVDcQm,Guajira guantanamera,Coleccion,Compay Segundo,2003,312120,52,31mwos5o4bx7e5xucbpsl2xgmjaa,2024-07-25T05:56:16Z,"mambo,musica tradicional cubana,son cubano",WM Spain,0.763,0.602,9,-6.263,1,0.031,0.46,0.00000241,0.112,0.668,127.477,4
15tHagkk8z306XkyOHqiip,I'll Be There for You - Theme From Friends,L.P.,The Rembrandts,5/2/1995,188359,66,31mwos5o4bx7e5xucbpsl2xgmjaa,2024-07-25T05:56:16Z,pop rock,Atlantic Records,0.32,0.917,9,-5.903,1,0.0771,0.0717,0,0.169,0.715,190.757,4
60a0Rd6pjrkxjPbaKzXjfq,In the End,Hybrid Theory (Bonus Edition),Linkin Park,2000,216880,87,31mwos5o4bx7e5xucbpsl2xgmjaa,2024-07-25T05:56:16Z,"alternative metal,nu metal,post-grunge,rap metal,rock",Warner Records,0.556,0.864,3,-5.87,0,0.0584,0.00958,0,0.209,0.4,105.143,4
19C0LKY3DCcQtuviPJNy5d,Jerry Was A Race Car Driver,Sailing The Seas Of Cheese,Primus,1/1/1991,190840,56,31mwos5o4bx7e5xucbpsl2xgmjaa,2024-07-25T05:56:16Z,"alternative metal,alternative rock,funk metal,funk rock,grunge,nu metal",Interscope,0.508,0.887,1,-12.377,0,0.0661,0.0099,0.392,0.345,0.724,122.655,4
5DnT9a5IM3eMjKgXTWVJvi,Have You Ever Seen The Rain,Pendulum,Creedence Clearwater Revival,12/7/1970,160333,63,31mwos5o4bx7e5xucbpsl2xgmjaa,2024-07-25T05:56:16Z,"album rock,classic rock,country rock,mellow gold,rock,southern rock,swamp rock",Fantasy Records,0.743,0.47,0,-13.154,1,0.029,0.0936,0.0000315,0.186,0.89,116.122,4
5aIVCx5tnk0ntmdiinnYvw,Water,Water,Tyla,7/28/2023,200255,84,31mwos5o4bx7e5xucbpsl2xgmjaa,2024-07-25T05:56:16Z,,FAX Records/Epic,0.673,0.722,3,-3.495,0,0.0755,0.0856,0,0.137,0.519,117.187,4
10SRMwb9EuVS1K9rYsBfHQ,Yet To Come,Proof,BTS,6/10/2022,193593,66,31mwos5o4bx7e5xucbpsl2xgmjaa,2024-07-25T05:56:16Z,"k-pop,k-pop boy group,pop",BIGHIT MUSIC,0.559,0.885,1,-4.515,1,0.189,0.0432,0,0.333,0.683,172.029,4
6dGnYIeXmHdcikdzNNDMm2,Here Comes The Sun - Remastered 2009,Abbey Road (Remastered),The Beatles,9/26/1969,185733,83,31mwos5o4bx7e5xucbpsl2xgmjaa,2024-07-25T05:56:16Z,"british invasion,classic rock,merseybeat,psychedelic rock,rock",EMI Catalogue,0.557,0.54,9,-10.484,1,0.0347,0.0339,0.00248,0.179,0.394,129.177,4
17VP4tofJ3evJbtY8Tk1Qi,il vento d'oro,JOJO'S BIZARRE ADVENTURE -Golden Wind O.S.T vol.1 Overture,Yugo Kanno,12/19/2018,295575,61,31mwos5o4bx7e5xucbpsl2xgmjaa,2024-07-25T05:56:16Z,"anime score,japanese soundtrack",ワーナー ブラザース ジャパン,0.491,0.915,11,-4.834,1,0.143,0.00652,0.125,0.0906,0.582,134.947,4
3Z2tPWiNiIpg8UMMoowHIk,We Are The World,We Are The World,U.S.A. For Africa,1/1/1985,427333,65,31mwos5o4bx7e5xucbpsl2xgmjaa,2024-07-25T05:56:16Z,musical advocacy,USA for Africa,0.528,0.447,4,-15.255,1,0.0435,0.189,0,0.0745,0.292,72.58,4
4mn2kNTqiGLwaUR8JdhJ1l,House of the Rising Sun,The Singles Plus,The Animals,10/19/1987,269906,74,31mwos5o4bx7e5xucbpsl2xgmjaa,2024-07-25T05:56:16Z,"album rock,british invasion,classic rock,hard rock,protopunk,psychedelic rock,rock",Parlophone UK,0.316,0.484,9,-9.11,0,0.0308,0.000334,0.00445,0.0912,0.299,117.363,3
7yFvSYKk3g5g8e7Ffl16ws,Three Little Birds,Exodus,Bob Marley & The Wailers,6/3/1977,180266,78,31mwos5o4bx7e5xucbpsl2xgmjaa,2024-07-25T05:56:16Z,"reggae,roots reggae",Tuff Gong,0.826,0.49,9,-10.477,1,0.0676,0.00916,0.00000441,0.0415,0.627,74.128,4
45qsIvb5ZdD2ov5q4ajRY3,茉莉花,鳳飛飛 金賞輯3,鳳飛飛,9/1/1985,205666,21,31mwos5o4bx7e5xucbpsl2xgmjaa,2024-07-25T05:56:16Z,classic mandopop,金企鵝唱片音樂帶有限公司,0.367,0.269,0,-14.955,1,0.0269,0.585,0.0162,0.0995,0.175,84.618,4
0tgVpDi06FyKpA1z0VMD4v,Perfect,÷ (Deluxe),Ed Sheeran,3/3/2017,263400,85,31mwos5o4bx7e5xucbpsl2xgmjaa,2024-07-25T05:56:16Z,"pop,singer-songwriter pop,uk pop",Atlantic Records UK,0.599,0.448,8,-6.312,1,0.0232,0.163,0,0.106,0.168,95.05,3
2qhASBzpbFhPRtrnZ5lLnz,Unchained Melody,Just Once In My Life,The Righteous Brothers,4/4/1965,218013,76,31mwos5o4bx7e5xucbpsl2xgmjaa,2024-08-14T03:25:19Z,"adult standards,brill building pop,folk rock,mellow gold,motown,rock-and-roll,rockabilly",Universal Records,0.339,0.208,0,-16.725,1,0.0308,0.396,0.000519,0.18,0.288,98.54,3
7mzPAftljnsFmU6131Pqcd,Tripping Over Air,Tripping Over Air,Aidan Bissett,9/9/2022,182382,61,31mwos5o4bx7e5xucbpsl2xgmjaa,2024-07-25T05:56:16Z,gen z singer-songwriter,Capitol Records,0.627,0.791,11,-4.912,1,0.0346,0.00182,0,0.3,0.523,116.994,4
3SdTKo2uVsxFblQjpScoHy,Stand By Me,Don't Play That Song (Mono),Ben E. King,8/20/1962,180055,76,31mwos5o4bx7e5xucbpsl2xgmjaa,2024-07-25T05:56:16Z,"rock-and-roll,soul",Rhino Atlantic,0.65,0.306,9,-9.443,1,0.0393,0.57,0.00000707,0.0707,0.605,118.068,4
48QmG1dfvMuYLxMPt7KSRA,No Lie,Mad Love The Prequel,"Sean Paul,Dua Lipa",6/29/2018,221176,80,31mwos5o4bx7e5xucbpsl2xgmjaa,2024-07-25T05:56:16Z,"dance pop,dancehall,pop,pop rap,uk pop",Universal-Island Records Ltd.,0.742,0.882,7,-2.862,1,0.117,0.0466,0,0.206,0.463,102.04,4
5IVuqXILoxVWvWEPm82Jxr,Crazy In Love (feat. Jay-Z),Dangerously In Love,"Beyoncé,JAY-Z",6/24/2003,236133,78,31mwos5o4bx7e5xucbpsl2xgmjaa,2024-07-25T05:56:16Z,"pop,r&b,east coast hip hop,gangster rap,hip hop,pop rap,rap",Columbia,0.646,0.77,2,-6.596,0,0.226,0.00249,0,0.0715,0.681,99.165,4
4clXV4rlEHScwSR85lumky,Harry Potter Theme,Harry Potter Theme,"John Williams,Hollywood Studio Orchestra",11/30/2020,300764,43,31mwos5o4bx7e5xucbpsl2xgmjaa,2024-07-25T05:56:16Z,"orchestral soundtrack,soundtrack,theme",QI MUSIC,0.131,0.232,2,-12.597,0,0.0371,0.952,0.774,0.0935,0.0393,178.208,3
13LC7X9qLBOzmid33qaPS6,If You Believe - feat. Ellie Barry,If You Believe (feat. Ellie Barry),"Strive to Be,Ellie Barry",7/21/2023,145201,50,31mwos5o4bx7e5xucbpsl2xgmjaa,2024-07-25T05:56:16Z,lds,Strive to Be,0.742,0.705,0,-5.777,1,0.0613,0.45,0,0.158,0.406,103.006,4
62AuGbAkt8Ox2IrFFb8GKV,Sweet Caroline,Sweet Caroline,Neil Diamond,6/6/1969,203573,76,31mwos5o4bx7e5xucbpsl2xgmjaa,2024-07-25T05:56:16Z,"adult standards,brill building pop,folk rock,mellow gold,singer-songwriter,soft rock,yacht rock",Geffen,0.529,0.127,11,-16.066,1,0.0274,0.614,0.000133,0.237,0.579,63.05,4
43IhNtBkb8zBwBJlDEHcm7,Scotland the Brave,Scotland the Brave,"The Drums & Pipes,The Cape Town Highlanders",8/26/2008,96146,45,31mwos5o4bx7e5xucbpsl2xgmjaa,2024-07-25T05:56:16Z,"bagpipe,bagpipe marching band,military band",Scotdisc,0.167,0.736,8,-10.555,0,0.0578,0.04,0.821,0.234,0.37,179.986,4
4pt5fDVTg5GhEvEtlz9dKk,I WANNA BE YOUR SLAVE,Teatro d'ira - Vol. I,Måneskin,3/19/2021,173346,82,31mwos5o4bx7e5xucbpsl2xgmjaa,2024-07-25T05:56:16Z,"indie rock italiano,italian pop",RCA Records Label,0.75,0.608,1,-4.008,1,0.0387,0.00165,0,0.178,0.958,132.507,4
20I6sIOMTCkB6w7ryavxtO,Call Me Maybe,Kiss,Carly Rae Jepsen,1/1/2012,193400,80,31mwos5o4bx7e5xucbpsl2xgmjaa,2024-07-25T05:56:16Z,"canadian pop,dance pop,pop",Silent Records IGA,0.782,0.58,7,-6.548,1,0.0407,0.0114,0.00000228,0.108,0.66,120.021,4
26XaOsDMbl0e1cVKYfkz6w,Falling,Falling,Trevor Daniel,10/5/2018,159381,67,31mwos5o4bx7e5xucbpsl2xgmjaa,2024-07-25T05:56:16Z,melodic rap,Alamo,0.785,0.431,10,-8.756,0,0.0364,0.123,0,0.0887,0.236,127.085,4
44AyOl4qVkzS48vBsbNXaC,Can't Help Falling in Love,Blue Hawaii,Elvis Presley,10/20/1961,182360,79,31mwos5o4bx7e5xucbpsl2xgmjaa,2024-07-25T05:56:16Z,"rock-and-roll,rockabilly",RCA/Legacy,0.396,0.293,2,-14.062,1,0.0275,0.941,0.000196,0.105,0.343,100.307,3
32OlwWuMpZ6b0aN2RZOeMS,Uptown Funk (feat. Bruno Mars),Uptown Special,"Mark Ronson,Bruno Mars",1/12/2015,269666,82,31mwos5o4bx7e5xucbpsl2xgmjaa,2024-07-25T05:56:16Z,"pop soul,dance pop,pop",Columbia,0.856,0.609,0,-7.223,1,0.0824,0.00801,0.0000815,0.0344,0.928,114.988,4
3dYD57lRAUcMHufyqn9GcI,Take Me To Church,Hozier,Hozier,9/19/2014,241688,82,31mwos5o4bx7e5xucbpsl2xgmjaa,2024-07-25T05:56:16Z,"irish singer-songwriter,modern rock,pop,pov: indie",Universal-Island Records Ltd.,0.575,0.664,4,-5.303,0,0.0481,0.637,0,0.116,0.437,129.071,4
2BHj31ufdEqVK5CkYDp9mA,Mayonaka no Door / Stay With Me,Miki Matsubara Best Collection,Miki Matsubara,2008,312293,73,31mwos5o4bx7e5xucbpsl2xgmjaa,2024-07-25T05:56:16Z,classic city pop,PONY CANYON INC.,0.658,0.747,5,-6.615,1,0.0431,0.176,0.00000849,0.0789,0.792,108.259,4
3sGKAb2yt86tweg6hPjVB9,Goodbye My Baby,Goodbye My Baby,Jace June,10/27/2023,194000,52,31mwos5o4bx7e5xucbpsl2xgmjaa,2024-07-25T05:56:16Z,,Jace June,0.565,0.218,0,-11.916,1,0.127,0.789,0.00000714,0.343,0.0858,119.796,4
3QJsSWa0Xo8MfaRn1gr4Be,favorite,favorite,Isabel LaRosa,3/29/2024,133608,79,31mwos5o4bx7e5xucbpsl2xgmjaa,2024-07-25T05:56:16Z,"hyperpop,sped up",Slumbo Labs/RCA Records,0.726,0.652,10,-5.328,0,0.0779,0.00323,0.003,0.0905,0.625,97.032,4
1PKtuxuLUbXeJNa05bfAOT,Hungarian Dance No. 5,Isaac Stern Plays Brahms,"Johannes Brahms,Isaac Stern,Milton Katims,Columbia Symphony Orchestra",1957,160640,51,31mwos5o4bx7e5xucbpsl2xgmjaa,2024-07-25T05:56:16Z,"classical,german romanticism,late romantic era,classical performance,violin,orchestra",Sony Classical,0.41,0.24,7,-14.149,0,0.0488,0.919,0.0908,0.055,0.356,111.047,5
0aLtafjN146xAdZeqYN8Ho,李白,模特,Ronghao Li,9/16/2013,273442,52,31mwos5o4bx7e5xucbpsl2xgmjaa,2024-07-25T05:56:16Z,"chinese singer-songwriter,mainland chinese pop,mandopop","Beijing Young Music Culture Communication Co., Ltd.",0.807,0.531,0,-12.305,1,0.0301,0.769,0.000115,0.252,0.826,114.948,4
6Od2OWvoT4embWAgIGeFRd,Like Gold,Nation of Two,Vance Joy,2/23/2018,224400,56,31mwos5o4bx7e5xucbpsl2xgmjaa,2024-07-25T05:56:16Z,"folk-pop,modern rock",Atlantic Records,0.477,0.712,7,-6.759,1,0.0653,0.224,0.00000836,0.118,0.407,109.965,4
0Ph6L4l8dYUuXFmb71Ajnd,Livin' la Vida Loca,Ricky Martin,Ricky Martin,1999,243160,74,31mwos5o4bx7e5xucbpsl2xgmjaa,2024-07-25T05:56:16Z,"latin pop,mexican pop,puerto rican pop",C2Records/Columbia,0.425,0.954,1,-3.756,0,0.0476,0.00414,0,0.0555,0.933,178.043,4
0bYg9bo50gSsH3LtXe2SQn,All I Want for Christmas Is You,Merry Christmas,Mariah Carey,10/28/1994,241106,73,31mwos5o4bx7e5xucbpsl2xgmjaa,2024-07-25T05:56:16Z,"dance pop,pop,urban contemporary",Columbia,0.336,0.627,7,-7.463,1,0.0384,0.164,0,0.0708,0.35,150.273,4
2DFi8rwHcVkTTgu7PULhtI,My Type,My Type,Saint Motel,6/17/2014,206393,67,31mwos5o4bx7e5xucbpsl2xgmjaa,2024-07-25T05:56:16Z,"la indie,modern alternative rock,modern rock,pov: indie",Parlophone UK,0.596,0.897,10,-2.94,1,0.0462,0.0641,0.0000524,0.0628,0.578,118,4
7oUHzZKNKUTrlU7DYxhQ7v,Maps,V - Asia Tour Edition,Maroon 5,5/18/2015,189960,72,31mwos5o4bx7e5xucbpsl2xgmjaa,2024-07-25T05:56:16Z,pop,Interscope Records*,0.742,0.713,1,-5.522,0,0.0303,0.0205,0,0.059,0.879,120.032,4
2bw4WgXyXP90hIex7ur58y,The Imperial March (Darth Vader's Theme),Star Wars: The Empire Strikes Back - Original Motion Picture Soundtrack,"John Williams,London Symphony Orchestra",1/1/1980,179573,57,31mwos5o4bx7e5xucbpsl2xgmjaa,2024-07-25T05:56:16Z,"orchestral soundtrack,soundtrack,british orchestra,classical,orchestra",Walt Disney Records,0.577,0.379,7,-13.82,0,0.0368,0.753,0.955,0.126,0.284,103.112,4
6RUKPb4LETWmmr3iAEQktW,Something Just Like This,Memories...Do Not Open,"The Chainsmokers,Coldplay",4/7/2017,247160,87,31mwos5o4bx7e5xucbpsl2xgmjaa,2024-07-25T05:56:16Z,"pop,permanent wave",Disruptor Records/Columbia,0.617,0.635,11,-6.769,0,0.0317,0.0498,0.0000144,0.164,0.446,103.019,4
2VxeLyX666F8uXCJ0dZF8B,Shallow,A Star Is Born Soundtrack,"Lady Gaga,Bradley Cooper",10/5/2018,215733,83,31mwos5o4bx7e5xucbpsl2xgmjaa,2024-07-25T05:56:16Z,"art pop,dance pop,pop,hollywood",A Star is Born OST,0.577,0.385,7,-6.362,1,0.03,0.371,0,0.231,0.331,95.82,4
1RNGbSKDoraELpEuMc62I5,Working Class Man,For The Working Class Man,Jimmy Barnes,5/22/1985,210000,26,31mwos5o4bx7e5xucbpsl2xgmjaa,2024-07-25T05:56:16Z,australian rock,Bloodlines,0.362,0.947,11,-2.641,1,0.0639,0.0644,0.0000195,0.127,0.368,138.621,4
6oSmp7qnvAxUXeUKhl67a6,1955,"Drinking From The Sun, Walking Under Stars Restrung","Hilltop Hoods,Montaigne,Tom Thum",2/19/2016,239280,61,31mwos5o4bx7e5xucbpsl2xgmjaa,2024-07-25T05:56:16Z,"australian hip hop,australian indie,australian pop,beatboxing",Universal Music Australia Pty. Ltd.,0.766,0.5,11,-7.558,1,0.0695,0.719,0.00000591,0.304,0.71,84.044,4
2X485T9Z5Ly0xyaghN73ed,Let It Happen,Currents,Tame Impala,7/17/2015,467586,78,31mwos5o4bx7e5xucbpsl2xgmjaa,2024-07-25T05:56:16Z,"australian psych,modern rock,neo-psychedelic,rock",Universal Music Australia Pty. Ltd.,0.602,0.881,1,-5.875,0,0.0443,0.00462,0.0266,0.111,0.577,125.012,4
3PfIrDoz19wz7qK7tYeu62,Don't Start Now,Future Nostalgia,Dua Lipa,3/27/2020,183290,81,31mwos5o4bx7e5xucbpsl2xgmjaa,2024-07-25T05:56:16Z,"dance pop,pop,uk pop",Warner Records,0.793,0.793,11,-4.521,0,0.083,0.0123,0,0.0951,0.679,123.95,4
6ZxPYutGhjLTrcmvcshCa4,Arabian Nights (2019),Aladdin (Original Motion Picture Soundtrack),Will Smith,5/22/2019,193096,63,31mwos5o4bx7e5xucbpsl2xgmjaa,2024-07-25T05:56:16Z,"hip hop,pop rap",Walt Disney Records,0.445,0.532,8,-8.018,1,0.0405,0.254,0,0.109,0.465,128.776,4
13ZBzuH6QGtuzEhLhlKVUw,500 Miles,500 Miles,David Michael Bennett,10/16/2014,196464,30,31mwos5o4bx7e5xucbpsl2xgmjaa,2024-07-25T05:56:16Z,,David Michael Bennett,0.608,0.331,0,-7.689,0,0.0266,0.664,0,0.113,0.338,107.482,4
2Bs4jQEGMycglOfWPBqrVG,Steal My Girl,FOUR (Deluxe),One Direction,11/17/2014,228133,78,31mwos5o4bx7e5xucbpsl2xgmjaa,2024-07-25T05:56:16Z,"boy band,pop,post-teen pop,talent show",Syco Music,0.536,0.768,10,-5.948,0,0.0347,0.00433,0,0.114,0.545,77.217,4
0pqnGHJpmpxLKifKRmU6WP,Believer,Evolve,Imagine Dragons,6/23/2017,204346,86,31mwos5o4bx7e5xucbpsl2xgmjaa,2024-07-25T05:56:16Z,"modern rock,pop,rock",Kid Ina Korner / Interscope,0.776,0.78,10,-4.374,0,0.128,0.0622,0,0.081,0.666,124.949,4
7rSERmjAT38lC5QhJ8hnQc,I'm Shipping Up To Boston,The Warrior's Code,Dropkick Murphys,7/19/2005,153600,68,31mwos5o4bx7e5xucbpsl2xgmjaa,2024-07-25T05:56:16Z,"boston punk,boston rock,celtic punk,celtic rock,punk",Hellcat/Epitaph,0.452,0.928,2,-3.133,1,0.079,0.000706,0.000637,0.226,0.6,129.188,4
6zbHM6vwsLgUe9t2luekJj,My Funny Valentine - Remastered,The Only One and Fantastic... Miles Davis (Remastered),Miles Davis,8/13/2017,357947,36,31mwos5o4bx7e5xucbpsl2xgmjaa,2024-07-25T07:34:58Z,"cool jazz,hard bop,jazz,jazz fusion,jazz trumpet,soul,vocal jazz",Cayenne Records,0.536,0.0962,0,-17.845,0,0.0359,0.871,0.00135,0.119,0.274,68.125,4
0yc6Gst2xkRu0eMLeRMGCX,Apocalypse,Cigarettes After Sex,Cigarettes After Sex,6/9/2017,290616,87,31mwos5o4bx7e5xucbpsl2xgmjaa,2024-07-25T05:56:16Z,"ambient pop,dream pop,el paso indie,shoegaze",Partisan Records,0.369,0.468,5,-9.013,1,0.0273,0.0205,0.566,0.109,0.18,94.434,4
4yaalj9cPc9FCVi0SXkBuV,Take Me to the River (I Will Swim),Take Me to the River (I Will Swim),"Alex Yurkiv,Thelma Costolo",6/9/2023,176104,59,31mwos5o4bx7e5xucbpsl2xgmjaa,2024-07-25T05:56:16Z,,Robots & Humans,0.61,0.553,1,-7.35,1,0.0251,0.331,0,0.232,0.802,95.958,4
0GLyqTysS0DFoeKjURtB8s,unravel,Fantastic Magic,TK from Ling tosite sigure,8/27/2014,238360,1,31mwos5o4bx7e5xucbpsl2xgmjaa,2024-07-25T05:56:16Z,"anime,j-rock",NITRON concepts,0.507,0.889,7,-2.755,0,0.086,0.0495,0,0.0983,0.333,135.021,4
74OIJe9hgZswqyLyicfAy4,"Goldberg Variations, BWV 988: Aria",J.S. Bach: Goldberg Variations,"Johann Sebastian Bach,Víkingur Ólafsson",10/6/2023,245379,48,31mwos5o4bx7e5xucbpsl2xgmjaa,2024-07-25T05:56:16Z,"baroque,classical,early music,german baroque,classical piano,nordic classical piano",Deutsche Grammophon (DG),0.356,0.0151,4,-33.303,0,0.0467,0.995,0.908,0.0913,0.251,101.011,3
34CxCeXOS8u4jYi1ydKHlp,心如止水,心如止水,Ice Paper,1/29/2019,243750,36,31mwos5o4bx7e5xucbpsl2xgmjaa,2024-07-25T05:56:16Z,chinese hip hop,覺得音樂有限公司,0.864,0.318,6,-9.353,1,0.106,0.562,0,0.226,0.725,127.962,4
0FDzzruyVECATHXKHFs9eJ,A Sky Full of Stars,Ghost Stories,Coldplay,5/19/2014,267866,86,31mwos5o4bx7e5xucbpsl2xgmjaa,2024-07-25T05:56:16Z,"permanent wave,pop",Parlophone UK,0.545,0.675,6,-6.474,1,0.0279,0.00617,0.00197,0.209,0.162,124.97,4
7jtqdolGPAtqHMj05XHXKt,Drip of The Japanese Emperor,Drip of The Japanese Emperor,Hinonawa,4/9/2022,144344,50,31mwos5o4bx7e5xucbpsl2xgmjaa,2024-07-25T05:56:16Z,,Madafaka Records,0.85,0.41,1,-9.776,1,0.0717,0.0128,0.2,0.114,0.247,120.088,4
47EiUVwUp4C9fGccaPuUCS,DÁKITI,DÁKITI,"Bad Bunny,JHAYCO",10/30/2020,205090,75,31mwos5o4bx7e5xucbpsl2xgmjaa,2024-07-25T05:56:16Z,"reggaeton,trap latino,urbano latino",Rimas Entertainment LLC,0.731,0.573,4,-10.059,0,0.0544,0.401,0.0000522,0.113,0.145,109.928,4
3vkCueOmm7xQDoJ17W1Pm3,My Love Mine All Mine,The Land Is Inhospitable and So Are We,Mitski,9/15/2023,137773,88,31mwos5o4bx7e5xucbpsl2xgmjaa,2024-07-25T05:56:16Z,"brooklyn indie,pov: indie",Dead Oceans,0.504,0.308,9,-14.958,1,0.0321,0.868,0.135,0.158,0.121,113.95,4
0j3mqDTK4Z6lvrLzFCUUz6,Good Looking,Good Looking,Suki Waterhouse,8/18/2022,214800,82,31mwos5o4bx7e5xucbpsl2xgmjaa,2024-07-25T05:56:16Z,indie pop,Sub Pop Records,0.365,0.554,4,-9.076,1,0.03,0.079,0.000358,0.125,0.259,150.11,3
4as4XEOR03oGm1STUKl6pa,BBIBBI,BBIBBI,IU,10/10/2018,194426,63,31mwos5o4bx7e5xucbpsl2xgmjaa,2024-07-25T05:56:16Z,"k-pop,pop",Kakao Entertainment,0.839,0.617,7,-4.692,1,0.331,0.241,0,0.3,0.821,143.894,4
1zi7xx7UVEFkmKfv06H8x0,One Dance,Views,"Drake,Wizkid,Kyla",5/6/2016,173986,86,31mwos5o4bx7e5xucbpsl2xgmjaa,2024-07-25T05:56:16Z,"canadian hip hop,canadian pop,hip hop,pop rap,rap,afrobeats,afropop,azonto,nigerian hip hop,nigerian pop,uk funky",Cash Money Records/Young Money Ent./Universal Rec.,0.792,0.625,1,-5.609,1,0.0536,0.00776,0.0018,0.329,0.37,103.967,4
1xK59OXxi2TAAAbmZK0kBL,Romantic Homicide,Romantic Homicide,d4vd,7/20/2022,132630,85,31mwos5o4bx7e5xucbpsl2xgmjaa,2024-07-25T05:56:16Z,"bedroom pop,bedroom r&b",Darkroom/Interscope Records,0.571,0.544,6,-10.613,1,0.0299,0.453,0.00805,0.322,0.216,132.052,4
5mjYQaktjmjcMKcUIcqz4s,Strangers,Strangers,Kenya Grace,9/1/2023,172964,79,31mwos5o4bx7e5xucbpsl2xgmjaa,2024-07-25T05:56:16Z,singer-songwriter pop,Warner Records/Major Recordings,0.628,0.523,11,-8.307,0,0.0946,0.701,0.00274,0.219,0.416,169.982,4
2IOXWUlCX7JNTaFkCu0mDo,Mr. Sandman,Mr Sandman,The Chordettes,2013,145440,49,31mwos5o4bx7e5xucbpsl2xgmjaa,2024-07-25T05:56:16Z,"classic girl group,doo-wop,vocal harmony group",Imperial Music Group,0.643,0.359,9,-10.304,1,0.0905,0.862,0,0.0835,0.761,108.64,4
0OTO8ZF2YqFQVw9hnZylTd,What Is Love - 7 Mix,The Album,Haddaway,9/13/1993,270373,80,31mwos5o4bx7e5xucbpsl2xgmjaa,2024-07-25T05:56:16Z,"eurodance,europop",BMG Rights Management GmbH,0.683,0.772,7,-7.907,0,0.031,0.0222,0.0156,0.203,0.738,123.869,4
0u2P5u6lvoDfwTYjAADbn4,lovely (with Khalid),lovely (with Khalid),"Billie Eilish,Khalid",4/19/2018,200185,86,31mwos5o4bx7e5xucbpsl2xgmjaa,2024-07-25T05:56:16Z,"art pop,pop,pop r&b",Darkroom,0.351,0.296,4,-10.109,0,0.0333,0.934,0,0.095,0.12,115.284,4
1aWrjGga6Ws67b2CWWTb4u,BM - London View,BM (London View),"OTP,BM",7/23/2021,164565,66,31mwos5o4bx7e5xucbpsl2xgmjaa,2024-07-25T05:56:16Z,melodic drill,Rightsy,0.861,0.46,11,-10.105,1,0.362,0.193,0,0.229,0.74,143.008,4
1FL7eUG80aeUeyMO2N4btN,Mission: Impossible Theme,Mission: Impossible III (Music From The Original Motion Picture Soundtrack),Michael Giacchino,5/8/2006,51800,55,31mwos5o4bx7e5xucbpsl2xgmjaa,2024-07-25T05:56:16Z,"orchestral soundtrack,soundtrack",Varese Sarabande,0.299,0.571,5,-8.949,0,0.0395,0.318,0.137,0.0452,0.764,89.642,4
0qMip0B2D4ePEjBJvAtYre,紅蓮華,LEO-NiNE,LiSA,10/14/2020,237586,71,31mwos5o4bx7e5xucbpsl2xgmjaa,2024-07-25T05:56:16Z,"anime,anime rock,j-pixie,j-pop",Sony Music Labels Inc.,0.541,0.977,4,-2.828,0,0.157,0.00321,0.0000513,0.0796,0.263,134.938,4
1TQXIltqoZ5XXyfCbAeSQQ,Dancing With Your Ghost,Dancing With Your Ghost,Sasha Alex Sloan,6/28/2019,197732,77,31mwos5o4bx7e5xucbpsl2xgmjaa,2024-07-25T05:56:16Z,alt z,RCA Records Label,0.629,0.328,11,-8.284,1,0.029,0.768,0.000025,0.103,0.389,74.953,4
51Fjme0JiitpyXKuyQiCDo,Lalala,Lalala,"Y2K,bbno$",6/28/2019,160626,70,31mwos5o4bx7e5xucbpsl2xgmjaa,2024-07-25T05:56:16Z,"pop rap,viral rap,canadian hip hop,dark trap,meme rap",Columbia,0.843,0.39,2,-7.899,1,0.0846,0.178,0,0.137,0.495,129.972,4
6tNQ70jh4OwmPGpYy6R2o9,Beautiful Things,Beautiful Things,Benson Boone,1/18/2024,180304,87,31mwos5o4bx7e5xucbpsl2xgmjaa,2024-07-25T05:56:16Z,singer-songwriter pop,"Night Street Records, Inc./Warner Records Inc.",0.472,0.471,10,-5.692,1,0.0603,0.151,0,0.14,0.219,105.029,3
3U4isOIWM3VvDubwSI3y7a,All of Me,Love In The Future (Expanded Edition),John Legend,8/30/2013,269560,84,31mwos5o4bx7e5xucbpsl2xgmjaa,2024-07-25T05:56:16Z,"neo soul,pop,pop soul,urban contemporary",G.O.O.D. Music/Columbia,0.422,0.264,8,-7.064,1,0.0322,0.922,0,0.132,0.331,119.93,4
7LHAKF7pBqHch8o6Yo0ad5,Suzume,Suzume,"RADWIMPS,Toaka",9/30/2022,236390,66,31mwos5o4bx7e5xucbpsl2xgmjaa,2024-07-25T05:56:16Z,"j-pop,j-rock,visual kei","voque ting co.,ltd.",0.571,0.415,2,-6.572,0,0.0305,0.615,0,0.187,0.342,78.025,4
5qxufdPzkmne8SeMC1pbUB,If Asian Parents Made a Rap Song,If Asian Parents Made a Rap Song,Korean Comic,1/2/2023,132431,41,31mwos5o4bx7e5xucbpsl2xgmjaa,2024-07-25T05:56:16Z,meme,4800991 Records DK,0.721,0.509,1,-4.946,0,0.258,0.523,0,0.142,0.592,167.076,3
1xsYj84j7hUDDnTTerGWlH,Dream On,Aerosmith,Aerosmith,1/5/1973,267596,80,31mwos5o4bx7e5xucbpsl2xgmjaa,2024-07-25T05:56:16Z,"album rock,classic rock,hard rock,rock",Aerosmith P&D - Sony,0.392,0.476,1,-7.583,1,0.0249,0.397,0.000163,0.309,0.234,78.031,4
0JIMT9gzLIIz0esKLyjbKf,Telephones,Changes,Vacations,2018,212432,80,31mwos5o4bx7e5xucbpsl2xgmjaa,2024-07-25T07:26:42Z,"newcastle nsw indie,pov: indie",Nettwerk Music Group,0.526,0.447,2,-9.268,1,0.0274,0.00283,0.0301,0.109,0.183,74.995,4
0juMU08O9byWiRBtKM1j5E,Circle of Life/Nants' Ingonyama,The Lion King (Original Motion Picture Soundtrack),"Lindiwe Mkhize,Lebo M.",7/11/2019,241800,54,31mwos5o4bx7e5xucbpsl2xgmjaa,2024-07-25T05:56:16Z,movie tunes,Walt Disney Records,0.297,0.518,10,-8.152,1,0.0378,0.412,0.000011,0.298,0.496,81.425,4
2cGxRwrMyEAp8dEbuZaVv6,Instant Crush (feat. Julian Casablancas),Random Access Memories,"Daft Punk,Julian Casablancas",5/20/2013,337560,74,31mwos5o4bx7e5xucbpsl2xgmjaa,2024-07-25T05:56:16Z,"electro,filter house,rock,indie rock",Columbia,0.775,0.585,10,-9.516,0,0.0271,0.0422,0.619,0.077,0.518,109.942,4
5YqEzk3C5c3UZ1D5fJUlXA,Sunroof,Good Times Go,"Nicky Youre,dazy",6/9/2023,163025,83,31mwos5o4bx7e5xucbpsl2xgmjaa,2024-07-25T05:56:16Z,singer-songwriter pop,Thirty Knots/Columbia,0.768,0.714,10,-5.11,1,0.0401,0.352,0,0.15,0.842,131.443,4
2VOZniNxFIDl8ydLltrMNb,Escapism.,Escapism.,"RAYE,070 Shake",12/7/2022,272373,71,31mwos5o4bx7e5xucbpsl2xgmjaa,2024-07-25T05:56:16Z,"uk contemporary r&b,uk pop,new jersey rap",Human Re Sources,0.538,0.742,2,-5.355,1,0.114,0.138,0.0000467,0.0934,0.25,96.107,4
3LlmKSHR3Rs0Y3KHQLAYDk,Alone,Different World,Alan Walker,12/14/2018,160426,73,31mwos5o4bx7e5xucbpsl2xgmjaa,2024-07-25T05:56:16Z,electro house,Kreatell Music,0.673,0.914,10,-3.962,1,0.0496,0.229,0.000478,0.186,0.183,97.021,4
3BJe4B8zGnqEdQPMvfVjuS,Summertime Sadness,Born To Die - The Paradise Edition,Lana Del Rey,1/1/2012,265427,82,31mwos5o4bx7e5xucbpsl2xgmjaa,2024-07-25T05:56:16Z,"art pop,pop",Polydor Records,0.565,0.654,1,-6.826,0,0.0335,0.0542,0.0000018,0.122,0.235,111.968,4
003vvx7Niy0yvhvHt4a68B,Mr. Brightside,Hot Fuss,The Killers,2004,222973,86,31mwos5o4bx7e5xucbpsl2xgmjaa,2024-07-25T05:56:16Z,"alternative rock,dance rock,modern rock,permanent wave,rock",Island Records,0.352,0.911,1,-5.23,1,0.0747,0.00121,0,0.0995,0.236,148.033,4
4jDmJ51x1o9NZB5Nxxc7gY,Careless Whisper,Ladies And Gentlemen... The Best Of George Michael,George Michael,11/9/1998,300106,74,31mwos5o4bx7e5xucbpsl2xgmjaa,2024-07-25T05:56:16Z,"new wave pop,soft rock",Sony Music Entertainment,0.574,0.628,2,-8.815,0,0.036,0.13,0,0.271,0.803,153.119,4
3DNRdudZ2SstnDCVKFdXxG,"Sonata No. 14 Moonlight in C-Sharp Minor, Op. 27 No. 2: I. Adagio sostenuto","Beethoven: Piano Sonatas, Vol.3","Ludwig van Beethoven,Paul Lewis",9/25/2007,315426,68,31mwos5o4bx7e5xucbpsl2xgmjaa,2024-07-25T05:56:16Z,"classical,classical era,early romantic era,german romanticism,british classical piano,classical piano",harmonia mundi,0.184,0.00527,1,-37.264,0,0.0432,0.995,0.887,0.173,0.151,170.612,3
3YFGh5Kga1K40yUhuCVffM,平凡之路,獵戶星座,Pu Shu,5/9/2017,302119,51,31mwos5o4bx7e5xucbpsl2xgmjaa,2024-07-25T05:56:16Z,"chinese indie,chinese singer-songwriter",Earth Entertainment,0.575,0.646,9,-6.005,1,0.0266,0.138,0.000101,0.124,0.185,83.997,4
2HoqbEOXgbDSLZ5XCePEXt,Hit the Road Jack,Soul,Ray Charles,6/4/2021,119880,68,31mwos5o4bx7e5xucbpsl2xgmjaa,2024-07-25T05:56:16Z,"adult standards,classic soul,jazz blues,piano blues,soul,soul blues,vocal jazz",Tangerine Records,0.598,0.571,8,-12.616,0,0.139,0.704,0,0.513,0.962,173.141,4
5EWPGh7jbTNO2wakv8LjUI,Free Bird,Pronounced' Leh-'Nerd 'Skin-'Nerd,Lynyrd Skynyrd,1/1/1973,547106,75,31mwos5o4bx7e5xucbpsl2xgmjaa,2024-07-25T05:56:16Z,"album rock,classic rock,hard rock,rock,southern rock",Geffen*,0.249,0.834,0,-8.21,1,0.0574,0.0742,0.0000969,0.0924,0.337,118.222,4
0YCayQVqZZeBTxO1YFKdPx,高山流水 - 古筝独奏,古筝古琴十大金曲,潘文,4/26/2002,221960,34,31mwos5o4bx7e5xucbpsl2xgmjaa,2024-07-25T05:56:16Z,"chinese traditional,guzheng",颂今音乐,0.488,0.0311,9,-21.73,1,0.0482,0.985,0.903,0.0865,0.164,110.652,4
6QJOEIPT8g3fjdFxibpy2F,Hood Took Me Under,Music To Driveby,Compton's Most Wanted,9/8/1992,219266,52,31mwos5o4bx7e5xucbpsl2xgmjaa,2024-07-25T08:02:32Z,"g funk,west coast rap",Orpheus/Epic,0.774,0.485,1,-10.955,1,0.319,0.00557,0.00000231,0.107,0.392,156.001,4
3YfS47QufnLDFA71FUsgCM,The Sound of Silence,The Singer,Simon & Garfunkel,8/28/2012,184786,61,31mwos5o4bx7e5xucbpsl2xgmjaa,2024-07-25T05:56:16Z,"classic rock,folk,folk rock,melancholia,mellow gold,rock,soft rock",Columbia/Legacy,0.535,0.225,6,-13.865,1,0.0301,0.869,0.00000157,0.0988,0.338,107.384,4
1rwGdnrtWnPYBipRrjnzEm,O-o-h Child,Stairsteps (Expanded Edition),The Five Stairsteps,7/1/2016,197440,50,31mwos5o4bx7e5xucbpsl2xgmjaa,2024-07-25T05:56:16Z,"chicago soul,classic soul,motown",Legacy Recordings,0.512,0.56,1,-10.429,1,0.0412,0.00156,0.000168,0.646,0.551,87.277,4
4SpQDJz1JiRT2mHxvyqN9K,%%(Eung Eung),PERCENT,Apink,1/7/2019,208104,48,31mwos5o4bx7e5xucbpsl2xgmjaa,2024-07-25T05:56:16Z,"k-pop,k-pop girl group",Kakao Entertainment,0.647,0.855,5,-2.944,0,0.037,0.294,0,0.137,0.683,144.867,4
5U0AcKclgf0AbG11AUFLht,Down By The River,Sadnecessary (Bonus Track Version),Milky Chance,10/14/2014,240973,57,31mwos5o4bx7e5xucbpsl2xgmjaa,2024-07-25T05:56:16Z,"german pop,modern rock",Neon,0.667,0.696,9,-7.931,1,0.0543,0.749,0.0000177,0.109,0.461,114.039,4
34sOdxWu9FljH84UXdRwu1,all-american bitch,GUTS,Olivia Rodrigo,9/8/2023,165833,75,31mwos5o4bx7e5xucbpsl2xgmjaa,2024-07-25T05:56:16Z,pop,Olivia Rodrigo PS,0.421,0.695,6,-4.346,1,0.0428,0.218,0.00000297,0.155,0.45,156.344,4
4sNG6zQBmtq7M8aeeKJRMQ,Brazil,What Do You Think About the Car?,Declan McKenna,4/13/2017,252306,80,31mwos5o4bx7e5xucbpsl2xgmjaa,2024-07-25T05:56:16Z,pov: indie,Columbia,0.687,0.617,4,-5.213,1,0.0287,0.0941,0.0000127,0.0898,0.665,121.079,4
1TuopWDIuDi1553081zvuU,Resonance,Odyssey,Home,7/1/2014,212881,0,31mwos5o4bx7e5xucbpsl2xgmjaa,2024-07-25T05:56:16Z,,606983 Records DK2,0.567,0.743,8,-8.614,1,0.0626,0.0356,0.847,0.221,0.423,170.083,5
3qhlB30KknSejmIvZZLjOD,End of Beginning,DECIDE,Djo,9/16/2022,159245,90,31mwos5o4bx7e5xucbpsl2xgmjaa,2024-07-25T05:56:16Z,"pov: indie,psychedelic pop",Djo,0.689,0.454,2,-7.643,1,0.0584,0.0351,0.00259,0.0707,0.912,159.982,4
4wH4dJgrsxONID6KS2tDQM,Maneater,Loose,Nelly Furtado,1/1/2006,258893,81,31mwos5o4bx7e5xucbpsl2xgmjaa,2024-07-25T05:56:16Z,"canadian latin,canadian pop,dance pop,pop",Mosley / Geffen,0.796,0.778,6,-4.81,1,0.0397,0.0258,0.000386,0.121,0.789,132.724,4
3z8h0TU7ReDPLIbEnYhWZb,Bohemian Rhapsody,Bohemian Rhapsody (The Original Soundtrack),Queen,10/19/2018,354947,71,31mwos5o4bx7e5xucbpsl2xgmjaa,2024-07-25T05:56:16Z,"classic rock,glam rock,rock",EMI,0.39,0.395,0,-9.966,0,0.0501,0.288,0,0.207,0.247,144.32,4
3Eb5sztvEMa0Mqnb8DUAlU,Come Inside Of My Heart,CLAPCLAPCLAP!,IV Of Spades,1/18/2019,246396,72,31mwos5o4bx7e5xucbpsl2xgmjaa,2024-07-25T05:56:16Z,"opm,p-pop,pinoy trap",Warner Music Philippines,0.676,0.565,10,-9.411,1,0.03,0.00321,0.000582,0.241,0.689,113.007,4
1Ukxccao1BlWrPhYkcXbwZ,From The Start,From The Start,Laufey,5/11/2023,169573,76,31mwos5o4bx7e5xucbpsl2xgmjaa,2024-07-25T05:56:16Z,gen z singer-songwriter,Laufey,0.664,0.405,1,-7.413,1,0.08,0.877,0.000765,0.11,0.743,81.89,3
0mflMxspEfB0VbI1kyLiAv,Stick Season,Stick Season,Noah Kahan,10/14/2022,182346,88,31mwos5o4bx7e5xucbpsl2xgmjaa,2024-07-27T08:27:03Z,"pov: indie,singer-songwriter pop",Mercury Records/Republic Records,0.664,0.5,9,-6.935,1,0.0651,0.799,0,0.0966,0.801,117.896,4
7rbECVPkY5UODxoOUVKZnA,I Wonder,Graduation,Kanye West,9/11/2007,243440,81,31mwos5o4bx7e5xucbpsl2xgmjaa,2024-07-25T05:56:16Z,"chicago rap,hip hop,rap",Roc-A-Fella,0.542,0.466,0,-8.668,1,0.0824,0.141,0.000444,0.125,0.127,191.386,4
6Dk5fHTvH897XrVzCO64Mx,What You Won't Do for Love,What You Won't Do for Love,Bobby Caldwell,1978,286493,72,31mwos5o4bx7e5xucbpsl2xgmjaa,2024-07-25T05:56:16Z,yacht rock,Big Deal Records,0.642,0.396,6,-16.843,1,0.0642,0.462,0.000823,0.106,0.797,84.082,4
1Hg0KhBCuME4PgsTYMBK9y,Мой мармеладный (Я не права),Джага-джага,Katya Lel,1/1/2004,223190,61,31mwos5o4bx7e5xucbpsl2xgmjaa,2024-07-25T05:56:16Z,russian pop,MONOLIT,0.801,0.601,5,-4.474,0,0.0538,0.0238,0.00000392,0.258,0.761,120.027,4
38UDoZyudPWXLzXRAb71oP,After All,After All,"Elton John,Charlie Puth",9/22/2021,208714,46,31mwos5o4bx7e5xucbpsl2xgmjaa,2024-08-14T03:22:06Z,"glam rock,mellow gold,piano rock,rock,pop,viral pop",EMI,0.501,0.556,5,-5.628,1,0.0266,0.361,0.000133,0.115,0.165,82.017,4
6pD0ufEQq0xdHSsRbg9LBK,un x100to,un x100to,"Grupo Frontera,Bad Bunny",4/17/2023,194563,76,31mwos5o4bx7e5xucbpsl2xgmjaa,2024-07-25T05:56:16Z,"musica chihuahuense,reggaeton,trap latino,urbano latino",Rimas Entertainment LLC.,0.569,0.724,6,-4.076,0,0.0474,0.228,0,0.27,0.562,83.118,4
1lb0KfG9EyfSBsEifTUtXY,someday i'll get it,someday i'll get it,Alek Olsen,10/26/2023,94750,76,31mwos5o4bx7e5xucbpsl2xgmjaa,2024-07-25T05:56:16Z,corecore,Alek Olsen,0.438,0.051,8,-22.44,1,0.0373,0.93,0.916,0.113,0.102,102.711,3
7lQ8MOhq6IN2w8EYcFNSUk,Without Me,The Eminem Show,Eminem,5/26/2002,290320,86,31mwos5o4bx7e5xucbpsl2xgmjaa,2024-07-25T05:56:16Z,"detroit hip hop,hip hop,rap",Aftermath,0.908,0.669,7,-2.827,1,0.0738,0.00286,0,0.237,0.662,112.238,4
5AJ9hqTS2wcFQCELCFRO7A,MILLION DOLLAR BABY,MILLION DOLLAR BABY,Tommy Richman,4/26/2024,155151,91,31mwos5o4bx7e5xucbpsl2xgmjaa,2024-07-25T05:56:16Z,chill abstract hip hop,PULSE Records,0.852,0.697,1,-5.52,0,0.0439,0.0973,0.00037,0.0678,0.919,138.029,4
1qU7RZpwzvq79kKtL1MKxN,耍猴兒,中國說唱巔峰對決 總決賽（上集）,"梁龍,MC HotDog,Capper,Tizzy T",9/10/2022,278560,19,31mwos5o4bx7e5xucbpsl2xgmjaa,2024-07-25T05:56:16Z,"mandopop,taiwan hip hop,chinese hyperpop,chinese melodic rap,chinese hip hop",秀動發行,0.644,0.947,9,-4.624,1,0.178,0.0253,0,0.488,0.359,90.01,4
1uvyZBs4IZYRebHIB1747m,Purple Rain,Purple Rain,Prince,6/25/1984,521866,72,31mwos5o4bx7e5xucbpsl2xgmjaa,2024-07-25T07:29:32Z,"funk,funk rock,minneapolis sound,rock,synth funk",Warner Records,0.373,0.452,10,-10.417,1,0.0321,0.0354,0.00227,0.689,0.179,113.212,4
503OTo2dSqe7qk76rgsbep,Still D.R.E.,2001,"Dr. Dre,Snoop Dogg",11/16/1999,270586,81,31mwos5o4bx7e5xucbpsl2xgmjaa,2024-07-25T05:56:16Z,"g funk,gangster rap,hip hop,rap,west coast rap,pop rap",Aftermath,0.816,0.775,11,-3.323,1,0.234,0.16,0.00031,0.0543,0.527,93.431,4
3NLrRZoMF0Lx6zTlYqeIo4,Here Without You,Away From The Sun,3 Doors Down,11/12/2002,238733,76,31mwos5o4bx7e5xucbpsl2xgmjaa,2024-07-25T05:56:16Z,"alternative metal,nu metal,post-grunge,rock",Universal Records,0.557,0.533,10,-6.817,0,0.0252,0.0492,0,0.205,0.233,143.994,4
76hfruVvmfQbw0eYn1nmeC,Cake By The Ocean,DNCE,DNCE,11/18/2016,219146,79,31mwos5o4bx7e5xucbpsl2xgmjaa,2024-07-25T05:56:16Z,"dance pop,pop",Joseph Jonas/Republic Records,0.774,0.753,4,-5.446,0,0.0517,0.152,0,0.0371,0.896,119.002,4
1mNSomylino1Hoaw3MzCC8,Tri Poloski,Tri Poloski,Davay,8/25/2016,125124,58,31mwos5o4bx7e5xucbpsl2xgmjaa,2024-07-25T05:56:16Z,hard bass,Davay,0.711,0.967,1,-8.206,1,0.0943,0.0254,0.0000365,0.0676,0.966,164.994,4
285pBltuF7vW8TeWk8hdRR,Lucid Dreams,Goodbye & Good Riddance,Juice WRLD,12/10/2018,239835,82,31mwos5o4bx7e5xucbpsl2xgmjaa,2024-07-25T05:56:16Z,"chicago rap,melodic rap,rap",Juice WRLD Mixtape / ISR P&D,0.511,0.566,6,-7.23,0,0.2,0.349,0,0.34,0.218,83.903,4
5FVd6KXrgO9B3JPmC8OPst,Do I Wanna Know?,AM,Arctic Monkeys,9/9/2013,272394,85,31mwos5o4bx7e5xucbpsl2xgmjaa,2024-07-25T05:56:16Z,"garage rock,modern rock,permanent wave,rock,sheffield indie",Domino Recording Co,0.548,0.532,5,-7.596,1,0.0323,0.186,0.000263,0.217,0.405,85.03,4
6PCUP3dWmTjcTtXY02oFdT,Castle on the Hill,÷ (Deluxe),Ed Sheeran,3/3/2017,261153,79,31mwos5o4bx7e5xucbpsl2xgmjaa,2024-07-25T08:15:57Z,"pop,singer-songwriter pop,uk pop",Atlantic Records UK,0.461,0.834,2,-4.868,1,0.0989,0.0232,0.0000114,0.14,0.471,135.007,4
57iDDD9N9tTWe75x6qhStw,Bitter Sweet Symphony - Remastered 2016,Urban Hymns (Remastered 2016),The Verve,9/29/1997,357266,79,31mwos5o4bx7e5xucbpsl2xgmjaa,2024-07-25T05:56:16Z,"britpop,permanent wave,rock,shoegaze",UMC (Universal Music Catalogue),0.356,0.917,9,-6.006,1,0.0479,0.0335,0,0.406,0.518,171.176,4
0ofMkI3jzmGCElAOgOLeo3,The Rhythm of the Night,The Rhythm of the Night,Corona,1994,264280,70,31mwos5o4bx7e5xucbpsl2xgmjaa,2024-07-25T05:56:16Z,"diva house,eurodance,europop,hip house",DWA Records,0.69,0.805,5,-11.522,0,0.0336,0.000232,0.739,0.095,0.799,127.808,4
2XpV9sHBexcNrz0Gyf3l18,ブルーバード,Chou Ikimonobakari Tennen Kinen Members Best Selection,Ikimonogakari,2006,215706,67,31mwos5o4bx7e5xucbpsl2xgmjaa,2024-07-25T05:56:16Z,"anime,j-pop",Sony Music Labels Inc.,0.536,0.966,6,-2.929,0,0.0558,0.121,0,0.0477,0.849,152.076,4
0uqvSVhGgQTIdj9G51vhvv,Finally,Finally,CeCe Peniston,1/1/1992,245000,62,31mwos5o4bx7e5xucbpsl2xgmjaa,2024-07-25T05:56:16Z,diva house,A&M,0.791,0.658,7,-11.128,1,0.0445,0.00653,0,0.0472,0.842,120.066,4
3GahMRXI3rL2JVeSLZBRnF,Warned You,Shawcross,Good Morning,11/14/2014,136032,57,31mwos5o4bx7e5xucbpsl2xgmjaa,2024-07-25T05:56:16Z,"experimental pop,indie garage rock,lo-fi indie",Virgin Music Label And Artist Services Australia (P&D),0.535,0.209,6,-16.402,1,0.0257,0.668,0.14,0.129,0.515,137.889,4
6cy3ki60hLwimwIje7tALf,RITMO (Bad Boys For Life),RITMO (Bad Boys For Life),"Black Eyed Peas,J Balvin",10/12/2019,221714,68,31mwos5o4bx7e5xucbpsl2xgmjaa,2024-07-25T06:07:24Z,"dance pop,pop,pop rap,reggaeton,reggaeton colombiano,trap latino,urbano latino",Epic/We The Best,0.721,0.716,10,-7.037,0,0.0657,0.0334,0.00084,0.237,0.667,104.994,4
1yjY7rpaAQvKwpdUliHx0d,Still into You,Paramore,Paramore,4/5/2013,216013,78,31mwos5o4bx7e5xucbpsl2xgmjaa,2024-07-25T07:24:09Z,"candy pop,modern rock,pixie,pop,pop emo,pop punk,rock",Fueled By Ramen,0.602,0.923,5,-3.763,1,0.044,0.0098,0,0.0561,0.765,136.01,4
2QYnONicU24TXbkhtaemOM,Obsessed,Obsessed,Ayumu Imazu,1/24/2024,196500,62,31mwos5o4bx7e5xucbpsl2xgmjaa,2024-07-25T07:30:21Z,,WM Japan,0.776,0.515,10,-8.425,1,0.309,0.523,0.00000735,0.0949,0.923,90.021,4
57DvUgPhxSskncsJRxUqqg,Ve Kamleya,Rocky Aur Rani Kii Prem Kahaani (Original Motion Picture Soundtrack),"Arijit Singh,Shreya Ghoshal,Shadab Faridi,Altamash Faridi,Amitabh Bhattacharya",8/14/2023,246988,16,31mwos5o4bx7e5xucbpsl2xgmjaa,2024-07-25T05:56:16Z,"filmi,modern bollywood",Saregama,0.468,0.658,2,-7.6,1,0.0668,0.81,0.0333,0.12,0.534,87.607,4
7BqBn9nzAq8spo5e7cZ0dJ,Just the Way You Are,Doo-Wops & Hooligans,Bruno Mars,5/11/2010,220734,84,31mwos5o4bx7e5xucbpsl2xgmjaa,2024-07-25T08:17:55Z,"dance pop,pop",Atlantic Records,0.635,0.841,5,-5.379,1,0.0422,0.0134,0,0.0622,0.424,109.021,4
2m1hi0nfMR9vdGC8UcrnwU,All The Small Things,Enema Of The State,blink-182,6/1/1999,167066,81,31mwos5o4bx7e5xucbpsl2xgmjaa,2024-07-25T07:32:30Z,"alternative metal,modern rock,pop punk,punk,rock,socal pop punk",Geffen,0.434,0.897,0,-4.918,1,0.0488,0.0103,0,0.612,0.685,148.708,4
0JP9xo3adEtGSdUEISiszL,Moonlight,?,XXXTENTACION,3/16/2018,135090,81,31mwos5o4bx7e5xucbpsl2xgmjaa,2024-07-25T07:57:14Z,"emo rap,miami hip hop,rap","Bad Vibes Forever, LLC",0.921,0.537,9,-5.723,0,0.0804,0.556,0.00404,0.102,0.711,128.009,4
2Imxyb3LiuXsDFo7Gq5YDs,"Kinderszenen, Op. 15: Träumerei (Arr. Lewin for Guitar)","Schumann: Kinderszenen, Op. 15: Träumerei (Arr. Lewin for Guitar)","Robert Schumann,Miloš Karadaglić",4/23/2021,215800,55,31mwos5o4bx7e5xucbpsl2xgmjaa,2024-07-25T08:04:23Z,"early romantic era,german romanticism,classical guitar",Decca Music Group Ltd.,0.406,0.00921,2,-31.822,1,0.087,0.984,0.906,0.0953,0.303,80.507,4
3jjsRKEsF42ccXf8kWR3nu,Washing Machine Heart,Be the Cowboy,Mitski,8/17/2018,128198,81,31mwos5o4bx7e5xucbpsl2xgmjaa,2024-07-26T11:55:30Z,"brooklyn indie,pov: indie",Dead Oceans,0.613,0.822,9,-4.087,1,0.026,0.0092,0.506,0.429,0.567,105.997,4
3cthRwQ2X0SNTaauD7tjn5,富士山下,What's Going On...?,Eason Chan,1/1/2006,259133,57,31mwos5o4bx7e5xucbpsl2xgmjaa,2024-07-26T11:50:42Z,"c-pop,cantopop,mandopop",Cinepoly Records Co. Ltd.,0.475,0.44,5,-10.48,1,0.0354,0.499,0,0.25,0.528,103.371,4
3pRaLNL3b8x5uBOcsgvdqM,Hallelujah,Grace,Jeff Buckley,1994,413826,68,31mwos5o4bx7e5xucbpsl2xgmjaa,2024-07-27T08:26:21Z,"melancholia,permanent wave,singer-songwriter",Columbia/Legacy,0.324,0.136,0,-10.33,1,0.0318,0.931,0.00117,0.176,0.0831,97.256,3
1PtQJZVZIdWIYdARpZRDFO,Running Up That Hill (A Deal With God),Hounds Of Love,Kate Bush,9/16/1985,298933,79,31mwos5o4bx7e5xucbpsl2xgmjaa,2024-07-28T15:59:21Z,"art pop,art rock,baroque pop,new wave pop,permanent wave,piano rock,singer-songwriter",Fish People,0.629,0.545,10,-13.123,0,0.0546,0.719,0.00308,0.0604,0.194,108.376,4
50kpGaPAhYJ3sGmk6vplg0,Love Yourself,Purpose (Deluxe),Justin Bieber,11/13/2015,233720,83,31mwos5o4bx7e5xucbpsl2xgmjaa,2024-07-28T16:14:49Z,"canadian pop,pop",RBMG/Def Jam,0.609,0.378,4,-9.828,1,0.438,0.835,0,0.28,0.515,100.43,4
228BxWXUYQPJrJYHDLOHkj,Gasolina,Barrio Fino (Bonus Track Version),Daddy Yankee,7/13/2004,192600,81,31mwos5o4bx7e5xucbpsl2xgmjaa,2024-08-01T16:41:39Z,"latin hip hop,reggaeton,trap latino,urbano latino",Gasolina Recording Co.,0.852,0.797,0,-6.543,1,0.0614,0.322,0.00000269,0.0845,0.741,96.008,4
3BovdzfaX4jb5KFQwoPfAw,Beat It,Thriller,Michael Jackson,11/30/1982,258399,79,31mwos5o4bx7e5xucbpsl2xgmjaa,2024-08-02T03:55:54Z,"r&b,soul",Epic,0.776,0.711,3,-9.03,0,0.0473,0.0242,0.000353,0.234,0.901,138.728,4
1HNE2PX70ztbEl6MLxrpNL,In Too Deep,"All Killer, No Filler",Sum 41,1/1/2001,207093,75,31mwos5o4bx7e5xucbpsl2xgmjaa,2024-08-02T18:15:16Z,"alternative metal,canadian pop punk,canadian punk,modern rock,pop punk,post-grunge,punk,rock",Island Records,0.569,0.843,9,-5.875,1,0.0503,0.000189,0,0.0607,0.76,116.045,4
7iL6o9tox1zgHpKUfh9vuC,In Da Club,Get Rich Or Die Tryin',50 Cent,2/6/2003,193466,81,31mwos5o4bx7e5xucbpsl2xgmjaa,2024-08-03T03:51:24Z,"east coast hip hop,gangster rap,hip hop,pop rap,queens hip hop,rap",Shady Records,0.899,0.713,6,-2.752,0,0.366,0.255,0,0.0708,0.777,90.051,4
3oNUvyuV0HDwvIQvn7Qa8g,Casablanca,Just Another Day in Paradise,Bertie Higgins,1/1/1982,274800,47,31mwos5o4bx7e5xucbpsl2xgmjaa,2024-08-14T03:23:33Z,,Key Largo Records,0.633,0.526,11,-11.267,0,0.0267,0.458,0.0000373,0.214,0.666,127.597,4
5jw1zzcYFivmuJK52JrnMK,Great Balls Of Fire,Great Balls Of Fire,Jerry Lee Lewis,1/1/1989,153333,59,31mwos5o4bx7e5xucbpsl2xgmjaa,2024-08-14T06:47:26Z,"piano rock,rock-and-roll,rockabilly",Polydor,0.388,0.903,0,-10.851,1,0.0624,0.123,0.0124,0.224,0.865,176.148,4
3oQomOPRNQ5NVFUmLJHbAV,Over the Rainbow,Alone In Iz World,Israel Kamakawiwo'ole,9/25/2001,211933,72,31mwos5o4bx7e5xucbpsl2xgmjaa,2024-08-14T06:52:31Z,hawaiian,Big Boy Records,0.671,0.153,0,-13.569,1,0.0404,0.912,0.0000553,0.0771,0.658,85.6,4
0Q0IVlqMV64kNLlwjPj0Hl,Killing Me Softly With His Song,The Score (Expanded Edition),"Fugees,Ms. Lauryn Hill",2/13/1996,298666,77,31mwos5o4bx7e5xucbpsl2xgmjaa,2024-08-17T17:38:11Z,"east coast hip hop,hip hop,neo soul,new jersey rap,alternative r&b,conscious hip hop,r&b",Columbia,0.765,0.289,4,-17.125,0,0.147,0.0268,0.00000177,0.562,0.501,92.413,4
1Rvl8qsKJurfFTyWLBI9ib,"Baby, I Love Your Way",The Best of Big Mountain,Big Mountain,1/1/1999,249520,67,31mwos5o4bx7e5xucbpsl2xgmjaa,2024-08-17T17:38:50Z,"reggae,reggae fusion",Giant,0.651,0.747,1,-7.269,0,0.0699,0.0528,0,0.207,0.776,147.518,4
3ix6K4wZY29bCujrSznwFZ,Let's Dance - 2018 Remaster,Let's Dance (2018 Remaster),David Bowie,4/14/1983,457675,68,31mwos5o4bx7e5xucbpsl2xgmjaa,2024-08-17T17:39:31Z,"art rock,classic rock,glam rock,permanent wave,rock",Parlophone UK,0.654,0.743,10,-7.44,0,0.0605,0.0125,0.0272,0.153,0.632,114.846,4
7iq0IYOnYZUHrz7F4rIIq4,Ethereal,Ethereal,Txmy,10/22/2023,168000,68,31mwos5o4bx7e5xucbpsl2xgmjaa,2024-08-18T17:49:50Z,,The System,0.22,0.402,6,-13.066,1,0.0387,0.914,0.622,0.333,0.29,142.815,3
3FAclTFfvUuQYnEsptbK8w,Back To Black,Back To Black (Deluxe Edition),Amy Winehouse,2006,241293,82,31mwos5o4bx7e5xucbpsl2xgmjaa,2024-08-18T17:50:20Z,"british soul,neo soul",Universal-Island Records Ltd.,0.434,0.422,7,-13.964,0,0.0375,0.134,0.0000205,0.0861,0.377,123.201,4
2GYHyAoLWpkxLVa4oYTVko,Alors on danse - Radio Edit,Cheese,Stromae,1/1/2010,206066,76,31mwos5o4bx7e5xucbpsl2xgmjaa,2024-08-18T17:58:19Z,"belgian pop,g-house",Universal Music Distributed Labels,0.79,0.593,1,-9.204,0,0.0776,0.0983,0.00202,0.065,0.72,119.958,4
0yVq58uQ2Bp2OVADYlLHNk,Yumeji's Theme - Theme from 'in the Mood for Love',Yumeji's Theme (Original Motion Picture Soundtrack),Shigeru Umebayashi,5/20/2013,150586,53,31mwos5o4bx7e5xucbpsl2xgmjaa,2024-08-18T18:00:00Z,japanese soundtrack,First Name Soundtracks,0.502,0.22,0,-10.934,0,0.0291,0.95,0.639,0.0982,0.224,129.296,3
0GfO5Of8NOwzTRUAPRtSlg,Rockefeller Street (Nightcore),Rockefeller Street (Nightcore),Caleb Hyles,10/9/2020,145800,46,31mwos5o4bx7e5xucbpsl2xgmjaa,2024-08-18T18:04:11Z,"otacore,pixel",Duetti,0.662,0.921,7,-1.795,0,0.049,0.0254,0.0185,0.239,0.76,162.951,4
37s8uwIjw72XfMseKJXNOO,Rockefeller Street (New Nightcore) [#Rockefellerstreet Remix],Rockefeller Street (New Nightcore) [#Rockefellerstreet Remix],Getter Jaani,12/14/2018,155008,63,31mwos5o4bx7e5xucbpsl2xgmjaa,2024-08-18T18:11:47Z,estonian pop,Moonwalk,0.659,0.936,2,-3.519,1,0.0606,0.283,0.0207,0.192,0.884,161.983,4
3XVBdLihbNbxUwZosxcGuJ,If I Ain't Got You,The Diary Of Alicia Keys,Alicia Keys,12/2/2003,228706,83,31mwos5o4bx7e5xucbpsl2xgmjaa,2024-10-01T06:28:02Z,"neo soul,pop,r&b",J Records,0.609,0.444,7,-9.129,1,0.106,0.603,0.00000686,0.104,0.166,118.402,3
